{
  "id": "",
  "name": "",
  "font_family": "iconfont",
  "css_prefix_text": "icon-",
  "description": "",
  "glyphs": [
    {
      "icon_id": "219595",
      "name": "blog",
      "font_class": "blog",
      "unicode": "e656",
      "unicode_decimal": 58966
    },
    {
      "icon_id": "375648",
      "name": "Personal",
      "font_class": "geren",
      "unicode": "e60e",
      "unicode_decimal": 58894
    },
    {
      "icon_id": "627566",
      "name": "二维码",
      "font_class": "erweima",
      "unicode": "e642",
      "unicode_decimal": 58946
    },
    {
      "icon_id": "629337",
      "name": "声音",
      "font_class": "shengyin",
      "unicode": "e64c",
      "unicode_decimal": 58956
    },
    {
      "icon_id": "629339",
      "name": "时间",
      "font_class": "shijian",
      "unicode": "e64d",
      "unicode_decimal": 58957
    },
    {
      "icon_id": "629364",
      "name": "完成",
      "font_class": "wancheng",
      "unicode": "e654",
      "unicode_decimal": 58964
    },
    {
      "icon_id": "629366",
      "name": "我的订单",
      "font_class": "wodedingdan",
      "unicode": "e655",
      "unicode_decimal": 58965
    },
    {
      "icon_id": "629374",
      "name": "我的反馈",
      "font_class": "wodefankui",
      "unicode": "e657",
      "unicode_decimal": 58967
    },
    {
      "icon_id": "630127",
      "name": "意见反馈",
      "font_class": "yijianfankui",
      "unicode": "e662",
      "unicode_decimal": 58978
    },
    {
      "icon_id": "663543",
      "name": "card",
      "font_class": "i-card",
      "unicode": "e62c",
      "unicode_decimal": 58924
    },
    {
      "icon_id": "769266",
      "name": "付款",
      "font_class": "shouye",
      "unicode": "e643",
      "unicode_decimal": 58947
    },
    {
      "icon_id": "845784",
      "name": "订单完成",
      "font_class": "dingdanwancheng",
      "unicode": "e646",
      "unicode_decimal": 58950
    },
    {
      "icon_id": "996187",
      "name": "address",
      "font_class": "address",
      "unicode": "e614",
      "unicode_decimal": 58900
    },
    {
      "icon_id": "1172715",
      "name": "付款",
      "font_class": "fukuan",
      "unicode": "e647",
      "unicode_decimal": 58951
    },
    {
      "icon_id": "1280559",
      "name": "Problem",
      "font_class": "50wenti",
      "unicode": "e63d",
      "unicode_decimal": 58941
    },
    {
      "icon_id": "1388142",
      "name": "upload",
      "font_class": "upload",
      "unicode": "e621",
      "unicode_decimal": 58913
    },
    {
      "icon_id": "1462888",
      "name": "email",
      "font_class": "email",
      "unicode": "e62b",
      "unicode_decimal": 58923
    },
    {
      "icon_id": "1488731",
      "name": "phone",
      "font_class": "phone",
      "unicode": "e66b",
      "unicode_decimal": 58987
    },
    {
      "icon_id": "4465012",
      "name": "物流",
      "font_class": "wuliu",
      "unicode": "e608",
      "unicode_decimal": 58888
    },
    {
      "icon_id": "4631515",
      "name": "个人资料",
      "font_class": "gerenziliao",
      "unicode": "e650",
      "unicode_decimal": 58960
    },
    {
      "icon_id": "4682527",
      "name": "card",
      "font_class": "card",
      "unicode": "e61b",
      "unicode_decimal": 58907
    },
    {
      "icon_id": "4811885",
      "name": "生日关怀",
      "font_class": "shengri",
      "unicode": "e619",
      "unicode_decimal": 58905
    },
    {
      "icon_id": "5226653",
      "name": "twitter",
      "font_class": "twitter",
      "unicode": "e651",
      "unicode_decimal": 58961
    },
    {
      "icon_id": "5317142",
      "name": "gift",
      "font_class": "gift",
      "unicode": "e766",
      "unicode_decimal": 59238
    },
    {
      "icon_id": "6529899",
      "name": "订单完成",
      "font_class": "dingdanwancheng1",
      "unicode": "e706",
      "unicode_decimal": 59142
    },
    {
      "icon_id": "7239818",
      "name": "message",
      "font_class": "message",
      "unicode": "e73f",
      "unicode_decimal": 59199
    },
    {
      "icon_id": "10043884",
      "name": "Personal",
      "font_class": "Personal",
      "unicode": "e62a",
      "unicode_decimal": 58922
    },
    {
      "icon_id": "11215251",
      "name": "instagram",
      "font_class": "instagram",
      "unicode": "e6fd",
      "unicode_decimal": 59133
    },
    {
      "icon_id": "12215117",
      "name": "home",
      "font_class": "home",
      "unicode": "e613",
      "unicode_decimal": 58899
    },
    {
      "icon_id": "13744038",
      "name": "cart",
      "font_class": "cart",
      "unicode": "e69b",
      "unicode_decimal": 59035
    },
    {
      "icon_id": "14465075",
      "name": "facebook",
      "font_class": "facebook",
      "unicode": "e66c",
      "unicode_decimal": 58988
    },
    {
      "icon_id": "15167546",
      "name": "binding",
      "font_class": "binding",
      "unicode": "e64e",
      "unicode_decimal": 58958
    },
    {
      "icon_id": "15167547",
      "name": "age",
      "font_class": "age",
      "unicode": "e64f",
      "unicode_decimal": 58959
    },
    {
      "icon_id": "15167548",
      "name": "collect",
      "font_class": "collect",
      "unicode": "e652",
      "unicode_decimal": 58962
    },
    {
      "icon_id": "15167549",
      "name": "add",
      "font_class": "add_1",
      "unicode": "e653",
      "unicode_decimal": 58963
    },
    {
      "icon_id": "15167550",
      "name": "correct",
      "font_class": "correct",
      "unicode": "e658",
      "unicode_decimal": 58968
    },
    {
      "icon_id": "15167551",
      "name": "down",
      "font_class": "down_3",
      "unicode": "e659",
      "unicode_decimal": 58969
    },
    {
      "icon_id": "15167552",
      "name": "down",
      "font_class": "down_8",
      "unicode": "e65a",
      "unicode_decimal": 58970
    },
    {
      "icon_id": "15167553",
      "name": "delete",
      "font_class": "delete",
      "unicode": "e65b",
      "unicode_decimal": 58971
    },
    {
      "icon_id": "15167554",
      "name": "download",
      "font_class": "download",
      "unicode": "e65c",
      "unicode_decimal": 58972
    },
    {
      "icon_id": "15167555",
      "name": "error",
      "font_class": "error",
      "unicode": "e65d",
      "unicode_decimal": 58973
    },
    {
      "icon_id": "15167556",
      "name": "descending",
      "font_class": "descending",
      "unicode": "e65e",
      "unicode_decimal": 58974
    },
    {
      "icon_id": "15167557",
      "name": "computer",
      "font_class": "computer",
      "unicode": "e65f",
      "unicode_decimal": 58975
    },
    {
      "icon_id": "15167558",
      "name": "add",
      "font_class": "add_2",
      "unicode": "e660",
      "unicode_decimal": 58976
    },
    {
      "icon_id": "15167559",
      "name": "add",
      "font_class": "add",
      "unicode": "e661",
      "unicode_decimal": 58977
    },
    {
      "icon_id": "15167560",
      "name": "left",
      "font_class": "left",
      "unicode": "e663",
      "unicode_decimal": 58979
    },
    {
      "icon_id": "15167561",
      "name": "left",
      "font_class": "left_2",
      "unicode": "e664",
      "unicode_decimal": 58980
    },
    {
      "icon_id": "15167562",
      "name": "close",
      "font_class": "close",
      "unicode": "e665",
      "unicode_decimal": 58981
    },
    {
      "icon_id": "15167563",
      "name": "left",
      "font_class": "left_1",
      "unicode": "e666",
      "unicode_decimal": 58982
    },
    {
      "icon_id": "15167564",
      "name": "male",
      "font_class": "male",
      "unicode": "e667",
      "unicode_decimal": 58983
    },
    {
      "icon_id": "15167565",
      "name": "ascending",
      "font_class": "ascending",
      "unicode": "e668",
      "unicode_decimal": 58984
    },
    {
      "icon_id": "15167566",
      "name": "correct",
      "font_class": "correct_1",
      "unicode": "e669",
      "unicode_decimal": 58985
    },
    {
      "icon_id": "15167567",
      "name": "left",
      "font_class": "left_4",
      "unicode": "e66a",
      "unicode_decimal": 58986
    },
    {
      "icon_id": "15167568",
      "name": "more",
      "font_class": "more_2",
      "unicode": "e66d",
      "unicode_decimal": 58989
    },
    {
      "icon_id": "15167569",
      "name": "date",
      "font_class": "date",
      "unicode": "e66e",
      "unicode_decimal": 58990
    },
    {
      "icon_id": "15167570",
      "name": "down",
      "font_class": "down_2",
      "unicode": "e66f",
      "unicode_decimal": 58991
    },
    {
      "icon_id": "15167571",
      "name": "correct",
      "font_class": "correct_2",
      "unicode": "e670",
      "unicode_decimal": 58992
    },
    {
      "icon_id": "15167572",
      "name": "phone",
      "font_class": "phone1",
      "unicode": "e671",
      "unicode_decimal": 58993
    },
    {
      "icon_id": "15167573",
      "name": "reduce",
      "font_class": "reduce",
      "unicode": "e672",
      "unicode_decimal": 58994
    },
    {
      "icon_id": "15167574",
      "name": "left",
      "font_class": "left_8",
      "unicode": "e673",
      "unicode_decimal": 58995
    },
    {
      "icon_id": "15167575",
      "name": "down",
      "font_class": "down_1",
      "unicode": "e674",
      "unicode_decimal": 58996
    },
    {
      "icon_id": "15167576",
      "name": "down",
      "font_class": "down",
      "unicode": "e675",
      "unicode_decimal": 58997
    },
    {
      "icon_id": "15167577",
      "name": "right",
      "font_class": "right_1",
      "unicode": "e676",
      "unicode_decimal": 58998
    },
    {
      "icon_id": "15167578",
      "name": "edit",
      "font_class": "edit",
      "unicode": "e677",
      "unicode_decimal": 58999
    },
    {
      "icon_id": "15167579",
      "name": "error",
      "font_class": "error_1",
      "unicode": "e678",
      "unicode_decimal": 59000
    },
    {
      "icon_id": "15167580",
      "name": "money",
      "font_class": "money",
      "unicode": "e679",
      "unicode_decimal": 59001
    },
    {
      "icon_id": "15167581",
      "name": "lock",
      "font_class": "lock",
      "unicode": "e67a",
      "unicode_decimal": 59002
    },
    {
      "icon_id": "15167582",
      "name": "doubt",
      "font_class": "doubt",
      "unicode": "e67b",
      "unicode_decimal": 59003
    },
    {
      "icon_id": "15167583",
      "name": "history",
      "font_class": "history",
      "unicode": "e67c",
      "unicode_decimal": 59004
    },
    {
      "icon_id": "15167584",
      "name": "reduce",
      "font_class": "reduce_1",
      "unicode": "e67d",
      "unicode_decimal": 59005
    },
    {
      "icon_id": "15167585",
      "name": "open",
      "font_class": "open",
      "unicode": "e67e",
      "unicode_decimal": 59006
    },
    {
      "icon_id": "15167586",
      "name": "right",
      "font_class": "right_8",
      "unicode": "e67f",
      "unicode_decimal": 59007
    },
    {
      "icon_id": "15167587",
      "name": "error",
      "font_class": "error_2",
      "unicode": "e680",
      "unicode_decimal": 59008
    },
    {
      "icon_id": "15167589",
      "name": "safety",
      "font_class": "safety",
      "unicode": "e681",
      "unicode_decimal": 59009
    },
    {
      "icon_id": "15167590",
      "name": "location",
      "font_class": "location",
      "unicode": "e682",
      "unicode_decimal": 59010
    },
    {
      "icon_id": "15167591",
      "name": "left",
      "font_class": "left_3",
      "unicode": "e683",
      "unicode_decimal": 59011
    },
    {
      "icon_id": "15167592",
      "name": "right",
      "font_class": "right_3",
      "unicode": "e684",
      "unicode_decimal": 59012
    },
    {
      "icon_id": "15167593",
      "name": "reduce",
      "font_class": "reduce_2",
      "unicode": "e685",
      "unicode_decimal": 59013
    },
    {
      "icon_id": "15167594",
      "name": "dangerous",
      "font_class": "dangerous",
      "unicode": "e686",
      "unicode_decimal": 59014
    },
    {
      "icon_id": "15167595",
      "name": "return",
      "font_class": "return",
      "unicode": "e687",
      "unicode_decimal": 59015
    },
    {
      "icon_id": "15167596",
      "name": "up",
      "font_class": "up_2",
      "unicode": "e688",
      "unicode_decimal": 59016
    },
    {
      "icon_id": "15167597",
      "name": "like",
      "font_class": "like",
      "unicode": "e689",
      "unicode_decimal": 59017
    },
    {
      "icon_id": "15167598",
      "name": "time",
      "font_class": "time",
      "unicode": "e68a",
      "unicode_decimal": 59018
    },
    {
      "icon_id": "15167599",
      "name": "down",
      "font_class": "down_4",
      "unicode": "e68b",
      "unicode_decimal": 59019
    },
    {
      "icon_id": "15167600",
      "name": "up",
      "font_class": "up",
      "unicode": "e68c",
      "unicode_decimal": 59020
    },
    {
      "icon_id": "15167601",
      "name": "right",
      "font_class": "right_4",
      "unicode": "e68d",
      "unicode_decimal": 59021
    },
    {
      "icon_id": "15167602",
      "name": "save",
      "font_class": "save",
      "unicode": "e68e",
      "unicode_decimal": 59022
    },
    {
      "icon_id": "15167603",
      "name": "up",
      "font_class": "up_4",
      "unicode": "e68f",
      "unicode_decimal": 59023
    },
    {
      "icon_id": "15167604",
      "name": "female",
      "font_class": "female",
      "unicode": "e690",
      "unicode_decimal": 59024
    },
    {
      "icon_id": "15167605",
      "name": "user",
      "font_class": "user_2",
      "unicode": "e691",
      "unicode_decimal": 59025
    },
    {
      "icon_id": "15167606",
      "name": "notice",
      "font_class": "notice",
      "unicode": "e692",
      "unicode_decimal": 59026
    },
    {
      "icon_id": "15167607",
      "name": "sex",
      "font_class": "sex",
      "unicode": "e693",
      "unicode_decimal": 59027
    },
    {
      "icon_id": "15167608",
      "name": "more",
      "font_class": "more_1",
      "unicode": "e694",
      "unicode_decimal": 59028
    },
    {
      "icon_id": "15167609",
      "name": "more",
      "font_class": "more",
      "unicode": "e695",
      "unicode_decimal": 59029
    },
    {
      "icon_id": "15167610",
      "name": "up",
      "font_class": "up_1",
      "unicode": "e696",
      "unicode_decimal": 59030
    },
    {
      "icon_id": "15167611",
      "name": "up",
      "font_class": "up_8",
      "unicode": "e697",
      "unicode_decimal": 59031
    },
    {
      "icon_id": "15167612",
      "name": "update",
      "font_class": "update",
      "unicode": "e698",
      "unicode_decimal": 59032
    },
    {
      "icon_id": "15167613",
      "name": "upload",
      "font_class": "upload1",
      "unicode": "e699",
      "unicode_decimal": 59033
    },
    {
      "icon_id": "15167614",
      "name": "setup",
      "font_class": "setup",
      "unicode": "e69a",
      "unicode_decimal": 59034
    },
    {
      "icon_id": "15167615",
      "name": "retract",
      "font_class": "retract",
      "unicode": "e69c",
      "unicode_decimal": 59036
    },
    {
      "icon_id": "15167616",
      "name": "right",
      "font_class": "right",
      "unicode": "e69d",
      "unicode_decimal": 59037
    },
    {
      "icon_id": "15167617",
      "name": "warning",
      "font_class": "warning",
      "unicode": "e69e",
      "unicode_decimal": 59038
    },
    {
      "icon_id": "15167618",
      "name": "unlock",
      "font_class": "unlock",
      "unicode": "e69f",
      "unicode_decimal": 59039
    },
    {
      "icon_id": "15167619",
      "name": "unbound",
      "font_class": "unbound",
      "unicode": "e6a0",
      "unicode_decimal": 59040
    },
    {
      "icon_id": "15167621",
      "name": "update",
      "font_class": "update_1",
      "unicode": "e6a1",
      "unicode_decimal": 59041
    },
    {
      "icon_id": "15167622",
      "name": "right",
      "font_class": "right_2",
      "unicode": "e6a2",
      "unicode_decimal": 59042
    },
    {
      "icon_id": "15167623",
      "name": "message",
      "font_class": "message1",
      "unicode": "e6a3",
      "unicode_decimal": 59043
    },
    {
      "icon_id": "15167624",
      "name": "replace",
      "font_class": "replace",
      "unicode": "e6a4",
      "unicode_decimal": 59044
    },
    {
      "icon_id": "15167625",
      "name": "user",
      "font_class": "user",
      "unicode": "e6a5",
      "unicode_decimal": 59045
    },
    {
      "icon_id": "15167626",
      "name": "search",
      "font_class": "search",
      "unicode": "e6a6",
      "unicode_decimal": 59046
    },
    {
      "icon_id": "15167627",
      "name": "up",
      "font_class": "up_3",
      "unicode": "e6a7",
      "unicode_decimal": 59047
    }
  ]
}
