-- phpMyAdmin SQL Dump
-- version 5.0.2
-- https://www.phpmyadmin.net/
--
-- 主機： localhost
-- 產生時間： 2021 年 07 月 28 日 20:33
-- 伺服器版本： 10.4.13-MariaDB
-- PHP 版本： 7.2.31

SET SQL_MODE = "NO_AUTO_VALUE_ON_ZERO";
START TRANSACTION;
SET time_zone = "+00:00";


/*!40101 SET @OLD_CHARACTER_SET_CLIENT=@@CHARACTER_SET_CLIENT */;
/*!40101 SET @OLD_CHARACTER_SET_RESULTS=@@CHARACTER_SET_RESULTS */;
/*!40101 SET @OLD_COLLATION_CONNECTION=@@COLLATION_CONNECTION */;
/*!40101 SET NAMES utf8mb4 */;

--
-- 資料庫： `otis_store`
--

-- --------------------------------------------------------

--
-- 資料表結構 `blogs`
--

CREATE TABLE `blogs` (
  `blogId` int(11) NOT NULL COMMENT '流水號',
  `id` int(11) NOT NULL COMMENT '會員編號',
  `blogTitle` varchar(30) COLLATE utf8mb4_unicode_ci NOT NULL COMMENT '文章標題',
  `blogContent01` mediumtext COLLATE utf8mb4_unicode_ci NOT NULL COMMENT '第一段內容',
  `blogContent01_img01` varchar(100) COLLATE utf8mb4_unicode_ci NOT NULL COMMENT '第一段第一張圖',
  `blogContent01_img02` varchar(100) COLLATE utf8mb4_unicode_ci DEFAULT NULL COMMENT '第一段第二張圖',
  `blogContent01_img03` varchar(100) COLLATE utf8mb4_unicode_ci DEFAULT NULL COMMENT '第一段第三張圖',
  `blogContent02` mediumtext COLLATE utf8mb4_unicode_ci DEFAULT NULL COMMENT '第二段內容',
  `blogContent02_img01` varchar(100) COLLATE utf8mb4_unicode_ci DEFAULT NULL COMMENT '第二段第一張圖',
  `blogContent02_img02` varchar(100) COLLATE utf8mb4_unicode_ci DEFAULT NULL COMMENT '第二段第二張圖',
  `blogContent02_img03` varchar(100) COLLATE utf8mb4_unicode_ci DEFAULT NULL COMMENT '第二段第三張圖',
  `blogExpectedDate` datetime DEFAULT NULL COMMENT '預計發布時間',
  `blogPublishDate` datetime DEFAULT current_timestamp() COMMENT '發布時間',
  `blogUpdateDate` datetime DEFAULT current_timestamp() COMMENT '最後編輯時間',
  `blogReplyDate` datetime DEFAULT NULL COMMENT '最後回覆時間'
) ENGINE=InnoDB DEFAULT CHARSET=utf8mb4 COLLATE=utf8mb4_unicode_ci;

--
-- 傾印資料表的資料 `blogs`
--

INSERT INTO `blogs` (`blogId`, `id`, `blogTitle`, `blogContent01`, `blogContent01_img01`, `blogContent01_img02`, `blogContent01_img03`, `blogContent02`, `blogContent02_img01`, `blogContent02_img02`, `blogContent02_img03`, `blogExpectedDate`, `blogPublishDate`, `blogUpdateDate`, `blogReplyDate`) VALUES
(6, 5, 'AKG N5005 開箱紀錄', 'N5005 發表時有許多人好奇 N5005 究竟是不是 K3003 的後繼機種，畢竟從命名上同樣使用一碼英文配四位數字的命名 (AKG 全公司產品線以前本來就只有 K3003 一款的命名採用了四位數字)、同樣落在一千美元上下的價格帶，看起來的確很像是 K3003 的後繼。', 's005-6-01-001.jpg', NULL, NULL, '但實際上 N5005 的外型設計比較接近 AKG 在 2016 年所推出的 N40，並且具備了相同的 MMCX 可換線設計且同樣屬於 N 系列，網路上絕大多數的評論也認為 N5005 的調音比起 K3003 而言更接近 N40 的風格，並且與其他 N 系列產品一樣都取得了 Hi-Res Audio 認證 (以往在強調原音重現的 K 系列裡 Hi-Res Audio 可並不被認為是甚麼好東西)，而且 AKG 在推出 N5005 之後似乎也沒有要停售 K3003 的打算，而在官方網站上 K3003 仍然保留著其特殊的地位，從這方面來看 N5005 或許比較像是 N 系列的高階產品。', 's005-6-02-001.jpg', NULL, NULL, NULL, '2000-06-24 16:30:47', '2000-06-24 16:30:47', NULL),
(7, 11, 'AKG N700NC自適應降噪耳機開箱', 'AKG在多年前降噪還沒真正流行開來的時候推出了好些架構令業界嘆為觀止但處於叫好不叫座的產品，在降噪耳機中強調音質，在音質耳機中強調附加功能，可以說很多產品都找到了發燒和消費級的契合點，比如之前的帶DAC功能主動降噪 參考級旗艦N90Q。被三星收購以後，哈曼品牌煥發出前所未有的活力，而去年年底推出的這款針對商旅人士的降噪耳機N700NC WIRELESS，更是劍指主流功能類消費市場，外觀更時尚，價格也不過分，可以說這款耳機是AKG突破市場，衝破Bose/索尼這些降噪大佬和眾多低價產品圍攻的衝鋒號！', 's011-7-01-001.jpg', 's011-7-01-002.jpg', 's011-7-01-003.jpg', '聲音方面，N700NC WIRELESS繼承了AKG一向的清透自然的傳統風格，沒有一般的降噪耳機為了掩蓋噪聲而可以加強的低頻或者引入高頻失真，屬於比較均衡且比較耐聽的路數。其低頻沒有過多的量感，但在下潛、彈性和速度方面有著良好的表現，拿來聽METALLICA這類比較硬核的搖滾也能有良好的體驗。人聲細膩自然，線條性和厚度適中，高頻亮而不沖，細節表達出色。', 's011-7-02-001.jpg', 's011-7-02-002.jpg', 's011-7-02-003.jpg', NULL, '1999-11-03 12:07:15', '1999-11-03 12:07:15', NULL),
(8, 8, 'Sennheiser GAME ONE 專業遊戲耳機', '喜歡玩PC Game的朋友們，今天這集的新奇好物開箱趣，可是替你們準備的喔，因為這次的開箱主角，就是一款相當受遊戲玩家們推薦的：Sennheiser GAME ONE PC Gaming Headset 專業遊戲耳機。', 's008-8-01-001.jpg', NULL, NULL, '耳罩柔軟有彈性，表面使用的材質摸起來真的是滿舒服的喔，依據官方說法，這個材質是會呼吸的，所以就算戴很久，也不會不舒服，或是太熱(這點倒是存疑？試試看在台灣的夏天裡，再好的材料也會熱吧，即便不戴耳機都會熱了說 XD)', 's008-8-02-001.jpg', NULL, NULL, NULL, '1995-08-17 14:14:05', '1995-08-17 14:14:05', NULL),
(9, 1, 'SONY WH-1000XM3 的黑科技', '自從iPhone 7將取消3.5耳機孔的趨勢吹向了整個手機界，藍牙耳機的市場就越來越受關注，小編也常常收到我們的粉絲許願能夠推出藍牙版本的Aero或是Xpump。最近聽說在藍芽耳罩式耳機的市場有一個非常強大的產品推出，那就是來自Sony的WH-1000XM3，小編衝著降噪功能和高音質，就手滑敗了一個來研究，就讓我們看看最新的WH-1000XM3到底有什麼黑科技吧。', 's001-9-01-001.jpg', NULL, NULL, '小編這次購買的是銀色版本，但小編覺得有點像香檳金的感覺，看起來十分貴氣，戴著通勤時也不失優雅，另外盒子內附著印有操作說明的紙片，非常淺顯易懂，WH-1000XM3沿用了前一代觸控操作的方式，其中有一項是小編很喜歡的功能，將手掌放在機身上，便能開啟快速注意模式，讓你在聆聽音樂時可以同時能和外界交談或是聆聽環境的聲音，不用拿下耳機。這代的機體材質改成了類皮革漆的質感，相較於上一代的仿皮革材質，小編覺得青菜蘿蔔各有喜好。', 's001-9-02-001.jpg', NULL, NULL, NULL, '2002-06-28 21:14:52', '2002-06-28 21:14:52', NULL),
(10, 10, '無線輕巧、重低音－鐵三角ATH-WS330BT', 'ATH-WS330BT為動態封閉式耳罩耳機，搭載1只專為Solid Bass設計的40mm動圈單體，頻率響應5Hz~35kHz。另外，原廠特別提到，ATH-WS330BT採用獨家設計的機殼（PAT.P），內部藉由兩個長度不同的器室來調整低頻量感，讓低頻與中頻人聲之間取得良好的平衡，在呈現強悍低音的同時還能兼顧清澈的中高音。輕量化設計的小型耳罩攜帶輕巧不佔空間，配上立體縫製的低反彈耳墊，提供穩定舒適的配戴感。', 's010-10-01-001.jpg', NULL, NULL, 'ATH-WS330BT採用藍牙5.0無線傳輸，支援AAC與SBC這兩種編碼，內建鋰聚合物充電電池在完全衝飽電的狀態下，有最高70個小時的音樂播放續航力。除此之外，ATH-WS330BT還支援快充功能，充電10分鐘即可使用約4小時，以後不用慢慢等充電了！', 's010-10-02-001.jpg', NULL, NULL, NULL, '1999-09-24 02:31:33', '1999-09-24 02:31:33', NULL),
(12, 19, '價格親民的噪音剋星', '近期由影音大廠 audio-technica 所推出的降噪無線耳機 ATH-ANC500BT，同樣採用大型頭戴耳罩式設計，並搭載 40mm 大口徑驅動單元以及 QuietPoint 主動抗噪技術，官方參考售價竟然只要四千元！這堪稱一線耳機品牌有史以來推出過最親民的定價，勢必會帶動一波降噪無線耳機的普及風潮。但最讓人感到好奇的是，價格如此漂亮，實際表現是否也同樣動人呢？以下就跟著小編一探究竟吧！', 's019-12-01-001.jpg', NULL, NULL, '寬闊的圓弧造型，讓 ATH-ANC500BT 掛在頸間時不會因過度緊縮而造成壓迫，加上耳罩與頭帶連結處的關節提供充分的調整空間，因此佩戴時耳罩能緊密貼合著耳朵，既能避免漏音的狀況產生，也能達到物理性被動式隔絕外界噪音的效果。', 's019-12-02-001.jpg', NULL, NULL, NULL, '1993-05-29 20:48:12', '1993-05-29 20:48:12', NULL),
(15, 2, '鐵三角新木殼簡單試聽跟AWKT開箱', '老鐵我以前只收過一隻W1000來玩 , 可能前端太不搭覺得不甜也不好聽就出掉了 , 所以我不知道有沒有老鐵系列甜(有人認為如果W1000Z甜度是7分，老鐵就是超過10分甜)\r\n但是我回家聽自己的W1000z確定至少比W1000Z甜(我現在對甜的定義是年輕程度)\r\n\r\n之前覺得W5000會有強迫症一定要搭HA5000下很麻煩就一直沒出手\r\n這次只是Hugo直推就被毒到 , 而且翼狀頭墊我戴起來不太舒服 , 加上一點對新旗艦的虛榮心(?) , 所以隔一周就搬回家了', 's002-15-01-001.jpg', NULL, NULL, '這次沒有W5000跟ADX5000那樣的皮箱了......這次是改實用性低的木箱(雖然幾乎不會帶出門 , 但私心比較喜歡皮箱) , 也沒有像W1000Z那樣編號展示在支架上(其實量產型有標才是特例吧?) , 我覺得稍微可惜\r\n\r\n順帶一提這次台鐵定價比日本便宜 , 我覺得很愉快', 's002-15-02-001.jpg', NULL, NULL, NULL, '1997-03-29 21:42:35', '1997-03-29 21:42:35', NULL),
(72, 3, 'Sennheiser7.1立體聲遊戲耳機 GSP 550', '音響專家Sennheiser推出 GSP 550 耳機，呈獻音域寬廣的環迴立體聲效，讓您進行遊戲時感受前所未有的震撼。這款嶄新的高性能耳機專為電腦遊戲而設計，採用開放式聲學技術及杜比7.1環迴立體聲，營造極致自然的高清音效，令您彷彿親身闖進遊戲領域，配合進一步改良的咪高峰功能，以及更舒適耐用的設計，締造淋漓盡致的遊戲享受。\r\n\r\nGSP 550耳機呈獻卓越出眾的遊戲體驗，將音響專家Sennheiser無與倫比的高清音效技術及杜比7.1環迴立體聲完美糅合。耳機採用品牌專利的開放式揚聲器系統，締造自然而極致清晰的音效表現，配合經改良的低頻率響應，淬煉成最理想的聲效平衡，再利用杜比7.1環迴立體聲，營造更廣闊的音場，令遊戲體驗更添緊張刺激。開放式聲學設計，將揚聲器鑲嵌於耳罩內的特定位置，令聲音直接傳入耳內。', 's003-72-01-001.jpg', NULL, NULL, 'GSP 550耳機的設計符合人體工學，締造度身訂造的佩戴效果，即使長時間進行遊戲，仍然保持清爽舒適。耳機鑲嵌堅固的金屬鉸鍊，採用先進的2軸結構，可供更隨心所欲調整耳罩位置。耐用的鉸鍊系統可流暢轉動，完美貼合不同的下顎闊度，令佩戴時更添舒適。為配合不同頭部尺寸，Sennheiser將可調較的互動觸壓結構與耳機的頭帶融合，讓用家可按照個人偏好進行調較，確保耳機與耳朵穩固貼合而絕不過緊。耳罩配備符合人體工學設計的耳墊，採用透氣良好的柔軟面料縫製，確保空氣流通。', 's003-72-02-001.jpg', NULL, NULL, NULL, '2013-05-15 01:45:15', '2013-05-15 01:45:15', NULL),
(73, 1, '圈鐵耳機 AKG N30 2千頭買到', '近年大家對流動音響的要求越來越高，引伸出一套Hi-Res Audio認證，證明產品可播放高解析音樂。在云云耳機當中，具備Hi-Res Audio 認證的圈鐵耳機實在不多，最近奧地利品牌 AKG推出新款N30圈鐵混合耳機，當然要介紹給大家。', 's001-73-01-001.jpg', NULL, NULL, '外觀上N30和N40接近一樣，但機殼換上啞色設計，有黑、銀兩色可揀，質感雖不及N40高雅，但勝在容易保持清潔不留指紋，而且更加輕身，僅重19.5g。另外N30同樣以可換濾網設計，原裝備有「Reference Sound 」及「Bass Boost 」兩條濾網，比N40少了一種「High Boost」。', 's001-73-02-001.jpg', NULL, NULL, NULL, '2019-01-27 23:34:13', '2019-01-27 23:34:13', NULL),
(74, 19, 'Sony WH-XB900N 藍牙耳機「靜」厲害！', '相信喜愛強勁音樂節奏和旋律的潮流人，一定對 Sony 旗下的 EXTRA BASS 重低音系列產品有所認識與喜愛；但如果你還想更進一步阻隔四周的喧鬧，單純隨著節拍沈浸在音樂世界中，那麼本次 COOL 編搶先開箱的全新 Sony WH-XB900N 重低音藍牙降噪耳罩式耳機，你更是非看不可。', 's019-74-01-001.jpg', 's019-74-01-002.jpg', NULL, 'WH-XB900N 搭載了最新的降噪技術，還有智慧聆聽的彈性音控制模式，聰明地根據使用狀況提供 4 種音效設定：靜止中、走路中、跑步中與搭乘交通工具，這對我這種上下班一定要戴耳機的使用者來說相當方便。例如在工作時（靜止中），降噪搭配接收人聲模式的環境音設定，聽音樂時依舊可以聽到周遭同事的人聲對話；在捷運上（搭乘交通工具），降噪效果就會再自動升級，讓人盡情享受音樂。如果不喜歡原廠的預設，也可以進一步手動個人客製化調整。', 's019-74-02-001.jpg', 's019-74-02-002.jpg', NULL, NULL, '2002-04-16 01:18:47', '2002-04-16 01:18:47', NULL),
(75, 15, 'AKG再出千元旗艦耳機', '全球領先的高階音響和資訊娛樂解決方案提供商-哈曼(HARMAN)旗下專業耳機品牌AKG，隆重推出年輕時尚Y系列中的新款貼耳式無線藍芽耳機-Y500 WIRELESS，其由優質材料精心打造，集時尚外觀、佩戴舒適、持久耐用於一身，能帶給您屢獲大獎AKG標誌性音效。', 's015-75-01-001.jpg', NULL, NULL, '支援AAC高品質藍芽音訊傳輸，充5分鐘、用1小時快速充電功能和無線/有線兩用設計的Y500 WIRELESS，由優質材料精心打造，集時尚外觀、佩戴舒適、持久耐用於一身。出色的動圈單元結合腔體聲學設計，能帶給您屢獲大獎AKG標誌性音效。', 's015-75-02-001.jpg', NULL, NULL, NULL, '2013-03-18 09:39:39', '2013-03-18 09:39:39', NULL),
(76, 7, '一圈一鐵4.4平衡 索尼XBA-N3BP耳機圖賞', '與XBA-N3AP最大的不同在於XBA-N3BP初始配備的線材為4.4mm平衡接口耳機線，這是一款專為適配NW-WM1Z/WM1A/ZX300A/PHA2A等擁有4.4mm接口的播放器而設計的耳機，能帶來更高音質的享受。', 's007-76-01-001.jpg', NULL, NULL, 'XBA-N3BP插入NW-ZX300A的4.4mm平衡口後，播放器會自動切換為平衡輸出模式。想體驗4.4mm平衡輸出的魅力，這套音頻組合可算是目前比較具有性價比的選擇。', 's007-76-02-001.jpg', NULL, NULL, NULL, '2013-12-05 04:36:10', '2013-12-05 04:36:10', NULL),
(77, 13, '黑科技！全球首款靜電驅動入耳式耳機SHURE KSE1500', '說起高端耳機，就不得不說美國舒爾，就像愛車的人都會為保時捷這樣的超級跑車而瘋狂一樣，在音頻領域，舒爾就是這樣一個讓無數音頻愛好者瘋狂的品牌。舒爾公司設計生產各的種各樣高質量音頻產品，被消費者及專業人士廣泛使用，可以說，擁有一副舒爾耳機是很多音頻愛好者的夢想。如今，舒爾依然貫徹著最初\"The Performance Never Ends(創業無止境)\"的信念，像今天將說到的SHURE KSE1500就是舒爾不斷創新的產物。', 's013-77-01-001.jpg', NULL, NULL, 'KSE1500是全球首款採用靜電單元耳塞，為了成功實現這一技術，舒爾消耗了長達8年的研發時間。與普通圈鐵耳塞不同的是，它通過極薄的振膜將高直流電壓極化，從而輸出高保真、無損的音質。簡單的聊聊這款耳塞的發聲原理，這幅耳機擁有微型發聲單元，配備幾乎無重的極輕震膜，周圍環繞由背級板形成的靜電場，振膜隨電荷的頻率而震動發聲，可輸出超高精準度的聲音。', 's013-77-02-001.jpg', NULL, NULL, NULL, '2002-01-10 17:32:28', '2002-01-10 17:32:28', NULL),
(78, 6, '性價比高到懟死旗艦,B&O BEOPALY H4開箱評測', '在眾多耳機品牌里要找一些送的出手的牌子，來自丹麥的Beoplay系列耳機一直是行業內認為首選的牌子。因為不少普通被贈禮者的初衷就是追求一種品質和設計的體驗，恰被譽為工業設計之王的B&O在耳機領域具有不錯的顏值名氣，尤其是當年一款B&O價格最低的入門級耳塞產品， A8耳掛式耳機幾乎是當時的設計標杆，甚至國內不少山寨廠商從高仿假冒的產品中獲得高昂的利潤。', 's006-78-01-001.jpg', 's006-78-01-002.jpg', 's006-78-01-003.jpg', 'Beoplay H4整體外觀設計由核心設計師Jakob Wagner操刀，只是相比Beoplay H7等產品簡化了設計上一些花俏功能，面板上同樣採用了Beoplay H9等相同的金屬CD紋理設計，卻削減了其中的滑動觸控功能。因此Beoplay H4身上看不到Beoplay H7和Beoplay H8那種隨便在耳機外殼上滑動操作歌曲切歌的設計，並且內置電池不再採用了拆卸化設計降低了耳罩外殼的厚度與重量。', 's006-78-02-001.jpg', 's006-78-02-002.jpg', 's006-78-02-003.jpg', NULL, '1990-04-19 07:11:05', '1990-04-19 07:11:05', NULL),
(79, 8, '森海塞爾Momentum True Wireless', '森海塞爾Momentum True無線耳塞是該公司迄今為止最小的耳機產品，它取消了Momentum Free耳塞上的頸部電纜，並採用全新的7毫米驅動單元。它們帶有與其他Momentum耳機相似的銀色頂部設計細節，將耳塞放入到充電盒中，當聽到悅耳的咔嗒聲表明耳機已經固定到位。\r\n\r\nSennheiser Momentum真正的無線耳塞只有四個小時的續航，但充電盒可以為每個耳塞提供更長時間的續航，總共可以使用12個小時——其還擁有USB-C接口，非常適合放置耳機以及為耳機充電。', 's008-79-01-001.jpg', 's008-79-01-002.jpg', NULL, '憑藉時尚的設計，智能控制和專業的聲音，Sennheiser Momentum真·無線耳塞對於那些不想用傳統有線耳機的消費者而言無疑是個夢幻般的存在。對於iPhone用戶來說，很難不推薦Apple AirPods——畢竟價格優勢明顯，或者其他較便宜的無線耳機。但Sennheiser Momentum真·無線耳塞的精心設計以及優質音頻依舊無可替代。雖然這款耳塞不是我們見過的第一款採用真·無線技術的耳機，但它的確是同類產品中比較成功的。Sennheiser代表也承認該公司在技術革新上\"較為遲鈍\"，但對於能夠負擔得起該品牌首個\"真正無線\"耳機的價格的人來說是十分值得等待的。', 's008-79-02-001.jpg', 's008-79-02-002.jpg', NULL, NULL, '2009-09-22 08:34:47', '2009-09-22 08:34:47', NULL),
(80, 3, '先進的主動降噪功能Beoplay H9 3rd Gen', '耳罩式耳機以先進的 ANC 提供 Bang ＆ Olufsen Signature Sound 標誌性的美妙聲音。我們的音響工程師進行專業調音，提供豐富與強大的聆賞體驗。當您需要 25 小時的播放時間時，通透模式讓您在必要時聽到周遭環境的動靜。這一次有語音輔助控制的專用按鍵。這個功能讓您在行走時也能有掌控權。只要長按語音專用按鍵，即可使用輔助功能。', 's003-80-01-001.jpg', NULL, NULL, '優雅的耳掛泡棉將您的雙耳包覆在柔軟的小羊皮與適應性的記憶型泡棉中，即使長時間使用，也能為您打造非凡的舒適感受。表面拋光、陽極氧化鋁與真皮共同打造我們最豪華的設計。', 's003-80-02-001.jpg', NULL, NULL, NULL, '2013-05-24 04:52:26', '2013-05-24 04:52:26', NULL),
(81, 6, '主動降噪新凈界-AKG N60NC WIRELESS評測', 'AKG N60NC WIRELESS是一款封閉式的耳機，在耳墊上使用了大量厚實的皮質材料，耳墊非常鬆軟，佩戴時頭部兩側也不會有壓迫感。由於耳罩支架使用了AKG標誌性的可旋轉設計，使得耳罩能夠在前後方向上實現小幅度的轉動，以便於耳墊可與耳朵充分接觸，帶來非常高的舒適度。\r\n這款耳機的絕大多數部件為塑料材質製作而成，但細看之下給人以一種非常高的質感體驗，主要是因為耳機很多露出部位都為亞光材質，加上一些細小部位的文字和LOGO印刷字體極為清晰，所以細節做工體現無疑。', 's006-81-01-001.jpg', 's006-81-01-002.jpg', 's006-81-01-003.jpg', '還是保留了AKG一貫的高解析度和通透度的特點，得益於爽快的瞬態表現，它的聲音乾脆利落，沒有絲毫拖沓的地方，在聽流行歌曲的時候可以帶來強有力的速度感。既然提到流行樂，那就不得不提它的低頻表現了，AKG N60NC WIRELESS的低頻下潛比較到位，依舊是收得較快，聚焦力非常集中，這樣的瞬態和低頻可以為流行樂帶來非常不錯的爽快感。它的人聲是非常貼耳朵的，其中女聲高頻的延展性比較到位，不會存在殘缺感，而且在保持人聲順滑的同時還保留了大量的細節；男聲方面雖然結像稍微偏細了一些，但極高的解析幾乎把男人喉嚨特有的聲帶震動細節給表現得玲離盡致。除此之外，我認為封閉式耳機對於聲場反饋的缺陷依舊存在，在聽大編制的時候，聲場模擬相對較小，缺少了宏偉的氣勢感，但其來表現小編制卻做得恰到好處。總得來說，我認為AKG N60NC WIRELESS基本上是趨於流行味道的調音風格，像Rap、azz、Blues、Metal、Latin Music、Electronic/Dance這類風格的曲目會有更上佳的表現。', 's006-81-02-001.jpg', 's006-81-02-002.jpg', 's006-81-02-003.jpg', NULL, '2010-02-21 15:30:46', '2010-02-21 15:30:46', NULL),
(82, 4, 'Sony MDR-XB950N1 動手玩', '或許是因為 iPhone 取消傳統的 3.5mm 耳機孔，也或者是越來越多人想要感受不受耳機線束縛的聆聽感，高品質的藍牙耳機在最近似乎也越來越被消費者看中，而且也有不少藍牙耳機加入主動降噪的功能， Sony 在一連推出年輕時尚的 h.ear on Wireless 以及 MDR-1000X 商務藍牙耳機後，也首度在旗下重低音系列導入藍牙與降噪產品，推出 MDR-XB950N1 。\r\n雖然 MDR-XB950N1 不是市場第一款具備降噪能力的重低音耳機，不過這是 Sony 首度在重低音耳機產品加入主動降噪，畢竟重低音產品與降噪兩個機能是需要取得平衡的，要能夠將外界的噪音消除，但同時又要耳機中傳達重低音的表現，又不會讓使用者覺得宛如噪音般的不適感。', 's004-82-01-001.jpg', 's004-82-01-002.jpg', 's004-82-01-003.jpg', '相較於耳罩，筆者反而覺得容易造成佩戴上不舒適的部分是頭樑，雖然 MDR-XB950N1 的頭樑的襯墊厚度摸起來不錯，但可能是因為採取圓弧形填充，實際與頭部接觸的面積較少，加上整個框架設計似乎較為偏小(筆者配戴時須將框體拉至較大的位置)，先前在攜帶出國出差時，在飛機上一陣子要調整一下頭樑減少不適感。\r\n\r\n 操作設計部分， MDR-XB950N1 並未如 MDR-1000X 採用新穎的觸控式設計，而是傳統的物理按鍵設計，不過由於將音樂播放、音量、低頻強化、降噪開關等按鍵以不同形狀或是操作方式區分，也不容易在想要進行操作時誤觸不想要使用的功能。', 's004-82-02-001.jpg', 's004-82-02-002.jpg', NULL, NULL, '1991-05-04 21:19:35', '1991-05-04 21:19:35', NULL),
(83, 2, 'AKG N90Q LE 開箱體驗', 'AKG似乎也從來沒說過N90Q是一款HiFi耳機，我想這是有原因的。評價N90Q需要跳出日常的條條框框，對其進行全新的審視。我其實更願意稱其為新形態的跨界耳機，這款耳機有太多突破傳統的地方，以至於讓人懷疑這竟是出自以保守而著稱的德奧系廠商的手筆。那麼這款激進的耳機到底有什麼過人之處呢？我們一起來看看。', 's002-83-01-001.jpg', 's002-83-01-002.jpg', 's002-83-01-003.jpg', 'N90Q在整個AKG家族裡絕對算個異類，對於傳統的AKG迷來說，要接受這麼一款激進的耳機恐怕需要一段時間適應。但在數字音樂大行其道，人們對耳機功能的要求越來越豐富的今天，AKG這個傳統HiFi大廠能走出變革的這麼關鍵一步其實也是一件好事，耳機領域已經太久沒有讓人興奮的革新了，打破常規，能勇敢邁出第一步本身就值得讚許。', 's002-83-02-001.jpg', 's002-83-02-002.jpg', 's002-83-02-003.jpg', NULL, '2020-05-26 22:02:02', '2020-05-26 22:02:02', NULL),
(84, 20, '獨特的暖調監聽耳機：Sennheiser HD 26 pro', 'HD 26 pro，依據官方網站介紹，是定位為「廣播」與「電視」從業人員而生的產品；頭帶採「自動」設計，只要一拉開耳罩，頭帶會自動展開，比HD 25Ⅱ需以手動調整更為方便，小弟非常喜歡這個設計；耳罩框體亦可旋轉，方便單耳監聽，搭配黑色簡練的設計，給予小弟專業的外觀印象。', 's020-84-01-001.jpg', NULL, NULL, 'HD 26 pro在第一時間就給小弟極為深刻的印象：聲底濃郁、溫暖、清晰，尤其是低頻的處理，下潛得深沉、紮實且渾厚，卻完全不會干擾中高頻的表現；高頻因HD 26 pro的暗色調調音，使高頻的表現較HD 25Ⅱ柔和，多了二分的厚度、三分的重量；中頻則是走醇厚風格：厚實、溫暖、情感十足！整體而言，HD 26 pro聲底非常厚實、清晰，拿來聽各種音樂皆有不錯的效果，屬曲風適應性廣的耳機！', 's020-84-02-001.jpg', NULL, NULL, NULL, '1998-08-24 01:59:10', '1998-08-24 01:59:10', NULL),
(85, 14, '索尼 MDR-1AM2耳機對比評測', '1AM2在延續上一代的設計理念的基礎上進行了輕量化方向的精簡和調整，一眼看去，主體部分變化不大，頭梁、耳罩部分很明顯是1A的設計，但是有一點很明顯的是1AM2在配色上用灰銀替代了1A的紅色部分，索尼官方對此的解釋是「令用戶在佩戴使用時不會顯得過分張揚的工具感」。', 's014-85-01-001.jpg', 's014-85-01-002.jpg', NULL, '1AM2的整體大小是和鐵三角MSR7差不多的，甚至在耳罩部分的區域，兩者的大小也差不多。但是由於鐵三角MSR7整體採用了較多的金屬材料，它的耳墊也並非是輕量化材料。正如我們所看到的那樣，鐵三角MSR7的整體構造要比1AM2厚實很多，它的耳機重量為290g，比1AM2多出了100多g。\r\n\r\n佩戴對於包覆式（包耳式）耳機來說，「夾耳」問題基本上是普遍存在，無論這個耳機怎麼設計，如果用戶長時間佩戴，也依然會有夾耳的感覺。但從廠商的角度來講，「夾耳」問題雖然不能避免，但可以通過設計來減輕這種夾耳的感覺。', 's014-85-02-001.jpg', NULL, NULL, NULL, '2005-08-06 22:07:34', '2005-08-06 22:07:34', NULL),
(86, 17, '城市輕旅音樂良伴，B&O Beoplay E6', '說起 B&O 品牌定位，向來強調結合創造科技與工業設計，大部分消費者對其印象深刻之處不離富有設計感的外觀造型，時常能在室內設計相關的報章雜誌上看到其身影，簡約優雅調性一直以來是 B&O 核心風格，而這次借測的無線耳機新品 BeoPlay E6 也秉持一貫簡潔經典路線，優點是能夠歷久彌新且不因時代流行性而失去韻味，金色調相當吸睛、卻也沒有俗艷感，讓耳機成了一種飾品配件、點綴個人整體穿搭，對於追求美感的族群來說是很加分的一點。', 's017-86-01-001.jpg', NULL, NULL, '不過回歸正提，耳機最重要的任務還是音質本身，在聲音表現部分，Beoplay E6 聲音算是中性均衡，不走厚聲底路線，針對中、高頻表現清晰有細節，低頻則相對弱勢一些，沈潛度與力道稍嫌不足，對於喜愛聆聽節奏感樂曲的人士來說，相信會給予正面評價，反觀熱衷於 EDM 曲風的族群也不必失望，藉由 B&O Beoplay App 中提供的 ToneTouch 調整功能，進而讓耳機展現出全然不同的聲音風貌，低頻量感與力道也能在此獲得提升。', 's017-86-02-001.jpg', NULL, NULL, NULL, '2017-04-06 01:33:32', '2017-04-06 01:33:32', NULL),
(87, 5, '真皮耳機再現江湖', '又到了鐵三角例行下半年發表活動，這次在台發表的品項主要延續今年香港高級視聽展與 IFA 的內容，包括承襲真皮包覆的 ATH-L3000 的新一代限量耳機 ATH-L5000 ，採用 A2DC 端子支援 4.4mm 平衡介面的 ATH-MSR7b ，同時還有鐵三角第一款市售真無線耳機 ATH-CKR7TW 。同時全新的 Ti 鈦金屬旗艦耳機家族，也出現全新平頭耳塞耳機 ATH-CM2000Ti。', 's005-87-01-001.jpg', 's005-87-01-002.jpg', 's005-87-01-003.jpg', 'ATH-L5000 單體尺寸使用 58mm DLC 類鑽石振膜搭配 OFC-7N 音圈的動圈單體，並採用 CFRP 碳纖維聚合物的障板 ，框體也具備鐵三角專利的 DADS 雙空氣阻尼技術提升低頻表現，頻響達 5Hz-50kHz ，阻抗為 45 歐姆，靈敏度 100dB 。耳機本身也採用鐵三角近年導入的 A2DC 可換線結構。', 's005-87-02-001.jpg', NULL, NULL, NULL, '2014-08-28 17:54:08', '2014-08-28 17:54:08', NULL),
(88, 4, '低頻控的可靠選擇－Shure SRH1840耳罩式耳機', 'SRH1840首次問世的時間距離現在已有將近七年之久。雖然目前其地位仍名列Shure旗下耳罩式耳機的旗艦，但是台灣目前定價不到20,000元，跟目前他廠的旗艦級耳機相比，顯得「合理」了許多，而且全黑灰色系的外觀，比起目前市面上新推出的耳機要來的平實、低調，但是這個推出已久的耳機做工看起來相當扎實，連接耳罩與頭帶之間的可調整Y型支架以金屬製成，不用擔心長時間使用後會斷裂，耳罩外側的蜂巢狀網罩相當堅固，用力按壓不會產生凹陷，頭帶採用對頭蓋骨負擔較小的雙平行支架設計，底下更有皮革包覆的軟墊做緩衝，至於耳墊，則以耐用、不易龜裂的絨布材質製成，而且268公克的重量，戴起來不會覺得有任何夾頭或緊繃的感受。將Shure SRH1840把玩在手上，可以感受到這是一副實實在在、可以使用長久的耳機。', 's004-88-01-001.jpg', 's004-88-01-002.jpg', 's004-88-01-003.jpg', '試聽SRH1840這副耳機時，我以iFi Pro iDSD DAC加耳擴做為主要搭配，而當這台耳擴的增益調至9 dB時，將iFi Pro iDSD的音量調整至九點鐘方向，便可以將SRH1840推出充足的音量以及力度。我首先播放的是宋冬野演唱的〈安和橋〉。音響玩家像來流行一種說法，就是廠牌的國家會影響其聲音表現，像是日本聲偏重高音與細節、英國聲音色濃郁厚實、美國聲因為居家空間大所以在低頻能量毫不吝惜云云。這次透過SRH1840光是聽見前奏中的手鼓打擊聲，我在心中不禁驚呼：「果然是美國廠牌的耳機。」那種手鼓受到打擊時，傳來的厚實、飽滿，又帶著彈力與溫度的聲響。這種質感，就由如將陳年葡萄酒開瓶的那一瞬間，豐富濃郁的香氣撲鼻而來，是會讓人聯想到食物、令人食指大動的聲音。', 's004-88-02-001.jpg', 's004-88-02-002.jpg', 's004-88-02-003.jpg', NULL, '2000-12-13 11:11:24', '2000-12-13 11:11:24', NULL),
(89, 16, 'SRH750DJ專業DJ耳罩式耳機', '超越80年的卓越音響經驗, SRH750DJ 專業 DJ 頭戴式耳機賦予世界級音頻性能並提供最大的舒適與耐久性。特別訂製的 50mm 驅動單體傳送高輸出淳厚低頻並提供最大功率管理，完美的與 DJ 混音器結合。絕佳舒適的耳罩 90 度旋轉配戴並可設置混音時單耳控制。可更換的耳機線與耳罩更確保產品使用壽命。', 's016-89-01-001.jpg', NULL, NULL, 'SRH750DJ 調諧了純淨的低頻並賦予最準確的混音即使在喧鬧的夜店環境」SRH750DJ 同時允許單耳與雙耳使用並增加供濾處理性能供 DJ 混音器完美結合。\r\n\r\nShure 專業頭戴式耳機具有獨特聲音特徵，淳厚低音、溫暖中頻與清脆的高頻。達到在舒適與耐用上最出色的平衡，提供個人、表演藝人或音響工程師不管在活動聆聽到嚴格監聽多方位使用下無可比擬的聲音品質。', 's016-89-02-001.jpg', NULL, NULL, NULL, '2002-02-04 11:06:36', '2002-02-04 11:06:36', NULL),
(90, 20, 'Sony IER-M7監聽耳機開箱&心得', '前陣子入手了Sony IER-M7，簡單分享一些開箱心得，也剛好上禮拜有一場演出，就順便帶他出場試試，底下會分享一般聽音樂及在舞台上使用時的一些感想，先分享幾張耳機的近照，繞耳結構設計的不錯，線材偏柔軟，配戴上蠻貼合的，也不會再調整什麼，而且戴起來不會有聽診器效應的那種碰碰聲。', 's020-90-01-001.jpg', 's020-90-01-002.jpg', NULL, '樂器的分離度很夠，尤其在大編制的歌曲更能感覺到，明顯可以感覺主要樂器站的位置還有距離，但也沒有刻意把音場拉的很開，分離能力在底下實際演出時的感想我也會提到。', 's020-90-02-001.jpg', 's020-90-02-002.jpg', 's020-90-02-003.jpg', NULL, '2000-06-06 18:45:28', '2000-06-06 18:45:28', NULL),
(91, 12, 'Shure SE846 開箱+簡單報告', '剛聽SE846會覺得低頻有點過重, 初期先用白色的濾芯壓一下低頻. 但是run開後就又換回藍色的平衡濾芯. 聲音高頻優異, 中頻非常清晰, 比SE535還好, 低頻真是沒話說. 主要是true subwoofer技術使bass的部分不會影響到中頻的清晰度. 而且個人覺得SE846的綠芯系統非常成功, 覺得比AKG的K3003還要好. 聽SE846再回到SE535, 會覺得SE535除的中頻還ok以外, 高低頻完全不能跟SE846比. 回去聽SE535就覺得SE535輕飄飄的沒力!', 's012-91-01-001.jpg', 's012-91-01-002.jpg', 's012-91-01-003.jpg', '和IE800比的話, 雖然我沒買IE800, 個人對IE800的耳塞, 前掛式, 和不能換線的設計非常失望, 但是有去店裡和SE846同時試聽. IE800中頻人聲部分還不錯, 看音樂, 有可能比SE846清晰. 但是低高頻個人覺得還是SE846較好!', 's012-91-02-001.jpg', 's012-91-02-002.jpg', 's012-91-02-003.jpg', NULL, '2005-06-09 11:27:50', '2005-06-09 11:27:50', NULL),
(92, 7, '觸控操作，隨心所欲，索尼WH-H810體驗', '索尼在音頻領域向來是引導者，新開發的360真實環繞聲（360 reality audio），之前看到說所有耳機都可使用，主要通過以聽者為中心的空間音頻技術，將人聲、合唱以及各種樂器等音源安置在不同的距離和角度，營造出環繞效果，沉浸感更強。\r\nWH-H810側面支持觸控造作，雙擊可以實現接聽、掛斷電話以及播放或暫停歌曲的操作。上下滑動為調整音量大小，前後滑動則是切換上一首、下一首歌曲，整體觸控非常靈敏，相比傳統的按鍵樣式，更加簡潔，不用費力，操作方便。', 's007-92-01-001.jpg', 's007-92-01-002.jpg', 's007-92-01-003.jpg', '人聲部分，依然繼承了索尼之前的調音，可把人聲的齒音控制得非常到位，聽感舒適，不刺耳，而且人聲聽上去更加貼近耳朵。在聽一些大型的交響樂時，聲場還算可以，而且填充的很滿，定位清晰，且區分明顯，不會將音樂揉為一團，在聽感部分，令人滿意。\r\n\r\n索尼WH-H810這次帶來了些許升級，相較於WH-H800，在各方面均有優化，整個體更加小巧輕便，重量僅為180g，外出攜帶更加方便。而從多種配色來看，已然是主打時尚潮流的出街產品。如果你想一款音質過硬、外觀亮眼的出街耳機，相信索尼WH-H810是個非常不錯的選擇。', 's007-92-02-001.jpg', 's007-92-02-002.jpg', 's007-92-02-003.jpg', NULL, '2009-05-19 07:36:04', '2009-05-19 07:36:04', NULL),
(93, 14, '鐵三角LS200詮釋真正的女毒！', '老鐵新系列LS顯然是IM的升級版，ls200就是對應im02\r\n\r\nls200驅動雙動鐵單元專用分頻器，將全頻和超高頻完美再現！動鐵單元的出音孔和耳洞位於同一軸線上，更有利於高頻的傳導，防鏽合金導管也更有利於聲音的傳導。', 's014-93-01-001.jpg', NULL, NULL, '相比im02外觀方面又不少改變，加上騷紅配色，確實好看了許多，ls200腔體比im03小了許多，佩戴舒適度好太多，整體沒有聽診器效應。\r\n\r\n最後當然是聽感，一耳朵確實和im03差不多，但是兩耳朵後，低頻比im03好太多了，質量優秀，人聲貼耳，齒音清晰，解析力強，高頻穿透性不錯，聲場比im03大，整體給人一種明亮歡快的感覺特別適合聽流行人聲，acg，清新樂曲，古典樂。', 's014-93-02-001.jpg', NULL, NULL, NULL, '2015-11-19 23:49:00', '2015-11-19 23:49:00', NULL),
(94, 13, '最強遊戲音樂耳機，森海塞爾gsp550', 'GSP550擅長遊戲音頻。即使是在標準立體聲中，開放式揚聲器也能創造出一個能讓遊戲栩栩如生的環繞聲舞台。打開的揚聲器使音頻感覺像是充滿了您的房間。當我在模仿《超級任天堂》和《創世紀》時，這種效果的質量特別明顯。當我還是個孩子的時候，我在一台CRT上用糟糕的揚聲器玩那些遊戲。GSP550讓我感覺像是YukoKoshiro在我辦公室里吹響了憤怒的聲音。', 's013-94-01-001.jpg', NULL, NULL, 'Sennheiser的另一個優點是它不會因為它的遊戲耳機而節省話筒。這裡也是這樣。GSP550有一個消音麥克風，聽起來非常清晰。它就在我用來說話的前端，這意味著它已經足夠和不和諧的朋友交流了。我也喜歡它的聲音有多大。你可以在一個非常低的水平上交談，但麥克風會拿起它沒有問題。當你不想吵醒所有人的時候，這對晚上玩得很好。', 's013-94-02-001.jpg', NULL, NULL, NULL, '2000-08-26 15:33:02', '2000-08-26 15:33:02', NULL),
(95, 18, '回歸監聽本位的圈鐵混合新旗艦， Sony XBA-Z5', '在日前， Sony 發表採用動圈與平衡電樞單體混合的旗艦耳機 XBA-H3 時，雖然強調在規格表現更勝已經推出一陣子的自家頂級監聽耳機 MDR-EX1000 ，然而偏重低頻以及尚未解決平衡電樞與動圈的不協調感，使得熱愛 MDR-EX1000 的消費者難以接受這款規格出色但調音風格不同的 XBA-H3 。\r\n\r\n而在今年 IFA ， Sony 不僅更新的平衡電樞單體的結構，推出第二世代的消費級圈鐵混和耳機 XBA-A 系列，同時還增加一款定位在旗艦級的 XBA-Z5 耳機，雖然在外型設計與此次新款的 XBA-A3 相似，但卻是一款調音截然不同的產品，且頂著 Made in Japan 的光環，也令人好奇 Sony 是否將圈鐵混合結構做了一定程度的改善？\r\n\r\n當初 Sony 發表 MDR-EX1000 時，也是採用當時最新的振膜材質液晶分子振膜，加上 16mm 的大口徑單體，雖然初期由於單體特質不易穩定以及一般設備較難驅動，並未獲得太多消費者的掌聲；但隨著一兩年後，不少使用者開始發現當液晶振膜開聲後的 MDR-EX1000 的聲音有顯著的變化，無論細節、精緻度等都令人印象深刻，也成為 Sony 經典的耳道耳機。\r\n\r\n是故當初 Sony 發表 XBA-H3 時，不少人看到同樣採用 16mm 液晶振膜單體時，不禁對其充滿期待，然而畢竟產品定位與市場導向不同，期待越大、失望也越大， XBA-H3 並不算太差的耳機，但過於實驗性的採用圈鐵混合以及塑料外殼，以及定位在大眾流行音樂的音色，讓不少 MDR-EX1000 的愛好者不免失望。', 's018-95-01-001.jpg', NULL, NULL, '這次 Sony 發表與 XBA-H3 同樣採用圈鐵混合配置且單體形式幾乎一樣的 XBA-Z5 時，加上 XBA-A3 又延續 XBA-H3 的流行音樂走向，也讓不少人認為 XBA-Z5 是否也是為了迎合大眾口味一味的強化低頻的風格。\r\n\r\n還好，外觀像、配置像並不代表一模一樣， XBA-Z5 之於 XBA-A3 ，共通點也就只有外觀與規格這麼多了，深究其設計與機構， XBA-Z5 本質已經是另一款耳機了，但對於一款價格幾乎貴了一倍的產品， XBA-Z5 確實是也該端出一些優勢。\r\n\r\n從外觀設計來看， XBA-Z5 融合了 XBA-A3 與 MDR-EX1000 的風格，採用 XBA-A3 刻意將兩顆平衡電樞位置強調出來的設計，然而看似與 XBA-A3 幾乎相同外殼，卻使用與 MDR-EX1000 相同的鎂合金，且構成框體的三片組件皆是鎂合金製，不過筆者不確定是否有與 MDR-EX1000 同樣有掉漆的問題。', 's018-95-02-001.jpg', NULL, NULL, NULL, '2004-05-22 04:09:47', '2004-05-22 04:09:47', NULL),
(96, 12, 'SENNHEISER G4ME ZERO 白色 簡易開箱文', '一大早九點左右家門就傳來摳摳聲 有XX先生的包裹喔\r\n聽到之後心裡就想應該是之前拜託代購從AMAZON買的耳機到了\r\n廢話不多說 先補圖吧', 's012-96-01-001.jpg', NULL, NULL, '感想為森海不愧是耳機大廠   我拿來跟我之前才敗的RAZER 北海巨妖PRO 放同樣的音樂一對比 差別馬上就出來了\r\n接著要去測試遊戲中的音效跟看電影的音效感覺了\r\n以上為簡易開箱文      \r\n感謝大家收看  \r\n我要去RUN新耳機了', 's012-96-02-001.jpg', NULL, NULL, NULL, '2000-04-08 22:55:20', '2000-04-08 22:55:20', NULL),
(97, 17, 'AMBEO3D技術: SMART HEADSE耳機', 'Ambeo是一種針對不同類型環境的音頻傘，不論是9.1聲道、耳機、VR麥克風，捕獲聲音的形式及播放，均適用於Ambeo，通過不同的配置形式來提升音效臨場感，同時Ambeo技術將會擁有特定的配置，比如大型演奏場合或是家庭環境，用戶可以通過軟體輕鬆實現不同需求；Ambeo技術是雙向的，即同時適用於錄音和播放。', 's017-97-01-001.jpg', NULL, NULL, '', '', NULL, NULL, NULL, '2018-03-06 17:47:05', '2018-03-06 17:47:05', NULL),
(98, 11, '電競選手的福音！ATH-G1WL', '據AV.Watch網站消息，鐵三角（Audio-Technica）將於近日再度推出全新系列的電競耳麥產品。包括ATH-G1、ATH-G1WL、ATH-PFG1a三款電競耳機以及外接麥克風ATGM2四款產品。三款耳機的價格均在20000日元左右，摺合人民幣約1000元，而外接麥克風的預估市價為9900日元，摺合人民幣約628元。', 's011-98-01-001.jpg', NULL, NULL, 'ATH-G1、ATH-G1WL為封閉式耳機，可以有效減少外界噪音。ATH-G1採用45mm動圈單體，5Hz—40kHz的頻響可以完美呈現遊戲中的空間細節信息。同時，輕盈的金屬頭帶與透氣襯墊可以保證長時間電競遊戲的舒適性。ATH-G1WL為ATH-G1的無線版本，通過與2.4GHz的無線USB發射器連接，幾乎不會存在延遲問題。', 's011-98-02-001.jpg', NULL, NULL, NULL, '2019-08-16 04:45:24', '2019-08-16 04:45:24', NULL),
(99, 18, '純真無雜質，舒爾KSE1200', '這款耳機我想試聽時候，瞬間覺得北歐系列的耳機似乎得到了靈魂級的升華。使用的是海貝R6Pro，但是我十分想試試金菊花和艾利和的聽感。舒爾KSE1200的表現真的不俗：聲音純凈通透，尤其是對於人聲的演繹（請不要再想起過往SE535的往事）十分到位，點點滴滴，雖薄如髮絲但演繹的一絲不苟，聽歌的感受少了幾分激情澎湃，不過卻成全了淋漓盡致。如果你聽習慣了森海IE80S或索尼的藍牙耳機，你會覺得這味道雖然是來自阿爾卑斯山的礦泉水清澈凜冽，但是農夫山泉才有點甜似乎才是自己的G點最愛。自己還用iPhoneXR也試聽了網絡APP上的一般質量的在線歌曲——能聽（當然，口感上比小白耳機可是好聽了不少呢！）', 's018-99-01-001.jpg', NULL, NULL, '', '', NULL, NULL, NULL, '2017-05-21 14:48:46', '2017-05-21 14:48:46', NULL),
(100, 10, '沒有任何按鍵！Beoplay E8 帶來全觸控體驗', '今次 Beoplay E8 再次由德國設計師 Jakob Wagner 主理，設計相當新穎，耳機身上沒有任何按鍵，全靠金屬表面的觸控板進行操作，點擊一下、兩下、三下，或者長按都有不同效果，可以接聽來電、播放 / 停止音樂，以及能啟動語音指令。當熟習操控後，確實幾好用，因為以往有實體鍵的耳機，戴上耳後按鍵會對耳朵造成壓力，或出現移位問題，但觸控操作就沒有這個問題了。', 's010-100-01-001.jpg', '', NULL, '每隻耳機搭配 5.7mm 動圈單元，採用藍牙 4.2 及近場磁感應技術，耳機支援防濺水及防塵設計。另一特色是，設有「透明」模式，當開啟後，就可在不除下耳機的情況，利用耳機上的收音咪收聽周圍環境的聲音；若配合《Beoplay》App 使用，提供 4 種不同等級的透明模式。此外，在 App 內亦可微調音色或選擇 EQ 音效。至於續航力方面，耳機內置的電池能夠播放音樂長達 4 小時，而便攜充電盒可以額外提供兩次充電，只需將兩隻耳機放回盒中即可自動充電，即是總共可使用 12 小時。', 's010-100-02-001.jpg', 's010-100-02-003.jpg', NULL, NULL, '2019-03-09 01:21:55', '2019-03-09 01:21:55', NULL),
(101, 16, '高解析度醇音體驗，IER-Z1R評測', '在發燒耳機領域，有這麼一句話：\"萬元以下聽個響。\"雖說有些誇張，但確實有理可循。而在該領域，索尼則很有發言權，作為索尼旗艦級別的音頻產品，IER-Z1R自發布之後一直是備受關注，當然，這也得益於這款產品本身出色的音頻解析水平和優異的性能。「索尼大法好」這句話可不是說說而已啊，接下來，就一起聆聽這款耳機能夠帶給我們什麼樣的音樂體驗！', 's016-101-01-001.jpg', 's016-101-01-002.jpg', 's016-101-01-003.jpg', 'IER-Z1R的耳機單元設計上，它採用了鋯合金材質的耳機腔體，因此表面呈現出來的光影效果也是相當惹眼。\r\n\r\n耳機外觀上最亮眼的地方，無疑是作為IER-Z1R的腔體面板上設計有\"魚鱗紋\"圖案，彰顯出這款產品的高端定位，在美觀上，這樣的設計本身也確實非常美觀，在佩戴效果上就像\"鑽石\"一樣，在這個產品的設計上，索尼明顯將其美學設計與沉穩低調的醇音系列產品完美融合。', 's016-101-02-001.jpg', 's016-101-02-002.jpg', 's016-101-02-003.jpg', NULL, '2009-03-18 10:56:59', '2009-03-18 10:56:59', NULL),
(102, 9, 'Shure Aonic 215 True Wireless ', 'Shure Aonic 215 True Wireless 真無線藍牙耳機，簡單來說就是裝上 RMCE-TW1 真無線轉換器的 Shure SE215 耳機。轉換器採用耳掛的設計，耳掛的末端加入一個略大的按鍵，除方便用家操作外，更有將重量平衡，使戴感更舒適的作用。以 MMCX 插頭連接 Shure SE215 耳機，官方亦表明支援連接 SE846、SE535、SE425 等型號，如用家本身有更高階 Shure 耳機型號，則可以單獨購買 RMCE-TW1 真無線轉換器。', 's009-102-01-001.jpg', 's009-102-01-002.jpg', 's009-102-01-003.jpg', 'Shure Aonic 215 True Wireless 的充電包呈圓型，可為耳機再完全充電三次，使播放時間長達 32 小時。充電包上的 S 標誌，令筆者記起動漫《龍珠》 角色界王衣服上的標誌。充電包背面設有電量顯示燈及充電位置，打開充電包充電位置採用嵌入式設計，耳機充電時，會亮起紅燈，關上充電包了，即可看到紅燈亮起。', 's009-102-02-001.jpg', 's009-102-02-002.jpg', 's009-102-02-003.jpg', NULL, '2006-08-23 14:45:18', '2006-08-23 14:45:18', NULL);

-- --------------------------------------------------------

--
-- 資料表結構 `blogs_reply`
--

CREATE TABLE `blogs_reply` (
  `b_rid` smallint(11) NOT NULL COMMENT '回文編號',
  `blogId` smallint(11) NOT NULL COMMENT '部落格編號',
  `id` smallint(11) NOT NULL COMMENT '會員編號',
  `r_nick` varchar(30) COLLATE utf8mb4_unicode_ci NOT NULL COMMENT '回文者暱稱',
  `r_photo` varchar(100) COLLATE utf8mb4_unicode_ci NOT NULL COMMENT '回文者大頭貼',
  `b_r_content` mediumtext COLLATE utf8mb4_unicode_ci NOT NULL COMMENT '回文內容',
  `b_r_replys` smallint(11) NOT NULL COMMENT '回文回復次數',
  `b_r_date` datetime NOT NULL DEFAULT current_timestamp() COMMENT '回文日期'
) ENGINE=InnoDB DEFAULT CHARSET=utf8mb4 COLLATE=utf8mb4_unicode_ci;

--
-- 傾印資料表的資料 `blogs_reply`
--

INSERT INTO `blogs_reply` (`b_rid`, `blogId`, `id`, `r_nick`, `r_photo`, `b_r_content`, `b_r_replys`, `b_r_date`) VALUES
(35, 103, 13, '查恩斯', 'ia_100000016699.jpg', '我很喜歡這種款式!!', 0, '2020-07-03 19:10:31'),
(36, 80, 13, '查恩斯', 'ia_100000016699.jpg', '這隻真的超讚!!', 0, '2020-07-03 19:26:15'),
(37, 80, 17, '塞西莉亞', 'ia_200000009.jpg', '我有買喔，音質真的不錯\n戴起來也很舒服~~~', 0, '2020-07-03 19:28:07'),
(38, 109, 110, 'alex', '1594203184575-avataaars.png', 'etsetest', 0, '2020-07-08 18:59:51'),
(39, 80, 115, 'Duncan', '1594356040378-大頭.jpg', 'ookokok', 0, '2020-07-10 12:56:50'),
(40, 73, 1, '威廉動起來', 'ia_200000000.jpg', 'nice', 0, '2021-07-29 02:32:41'),
(41, 73, 1, '威廉動起來', 'ia_200000000.jpg', '', 0, '2021-07-29 02:32:45'),
(42, 73, 1, '威廉動起來', 'ia_200000000.jpg', '真的不錯', 0, '2021-07-29 02:32:55');

-- --------------------------------------------------------

--
-- 資料表結構 `chat_data`
--

CREATE TABLE `chat_data` (
  `id` int(11) NOT NULL COMMENT '流水號',
  `roomId` varchar(20) COLLATE utf8mb4_unicode_ci NOT NULL COMMENT '房間編號',
  `loginId` varchar(20) COLLATE utf8mb4_unicode_ci NOT NULL,
  `memberId` varchar(20) COLLATE utf8mb4_unicode_ci NOT NULL COMMENT '會員編號',
  `message` varchar(3000) COLLATE utf8mb4_unicode_ci NOT NULL COMMENT '訊息內容',
  `created_at` datetime NOT NULL DEFAULT current_timestamp() COMMENT '建立時間'
) ENGINE=InnoDB DEFAULT CHARSET=utf8mb4 COLLATE=utf8mb4_unicode_ci;

--
-- 傾印資料表的資料 `chat_data`
--

INSERT INTO `chat_data` (`id`, `roomId`, `loginId`, `memberId`, `message`, `created_at`) VALUES
(1, 'E20030001', 'bbb', 'M20010002', '安安你好', '2020-03-28 11:09:26'),
(2, 'E20030001', 'aaa', 'M20010001', '安安你好安安你好安安你好', '2020-03-28 12:09:26'),
(3, 'E20030001', 'aaa', 'M20010001', 'E20040001', '2020-03-28 12:15:47'),
(19, 'E20030001', 'bbb', 'M20010002', '123', '2020-03-28 14:02:31'),
(36, 'E20030001', 'bbb', 'M20010002', '哈囉~', '2020-03-28 15:26:30'),
(37, 'E20030001', 'bbb', 'M20010002', '我好嗎', '2020-03-28 15:26:35'),
(38, 'E20030001', 'bbb', 'M20010002', '你好嗎', '2020-03-28 15:26:41'),
(39, 'E20030001', 'bbb', 'M20010002', '真D酷炫', '2020-03-28 15:28:17'),
(64, 'E20030001', 'bbb', 'M20010002', '讚', '2020-03-28 19:35:01'),
(65, 'E20030001', 'bbb', 'M20010002', '時間測試', '2020-03-28 19:57:20'),
(66, 'E20030001', 'bbb', 'M20010002', '123', '2020-03-28 20:23:37'),
(155, 'E20030001', 'bbb', 'M20010002', '哈囉', '2020-03-29 16:52:30'),
(156, 'E20030001', 'aaa', 'M20030001', '我再', '2020-03-29 16:53:36'),
(157, 'E20030001', 'aaa', 'M20030001', '在', '2020-03-29 16:53:40'),
(158, 'E20030001', 'ccc', 'M20030003', '3號', '2020-03-29 17:07:24'),
(159, 'E20030001', 'bbb', 'M20010002', '2號', '2020-03-29 17:07:27'),
(160, 'E20030001', 'aaa', 'M20030001', '1號', '2020-03-29 17:07:30'),
(161, 'E20030002', 'bbb', 'M20010002', '其他房間', '2020-03-29 17:08:05');

-- --------------------------------------------------------

--
-- 資料表結構 `deliverystate_types`
--

CREATE TABLE `deliverystate_types` (
  `deliveryState` int(2) NOT NULL COMMENT '配送狀態編號',
  `deliveryStateTypeName` varchar(100) COLLATE utf8mb4_unicode_ci NOT NULL COMMENT '配送狀態名稱',
  `created_at` datetime NOT NULL DEFAULT current_timestamp() COMMENT '新增時間',
  `updated_at` datetime NOT NULL DEFAULT current_timestamp() ON UPDATE current_timestamp() COMMENT '更新時間'
) ENGINE=InnoDB DEFAULT CHARSET=utf8mb4 COLLATE=utf8mb4_unicode_ci COMMENT='配送狀態';

--
-- 傾印資料表的資料 `deliverystate_types`
--

INSERT INTO `deliverystate_types` (`deliveryState`, `deliveryStateTypeName`, `created_at`, `updated_at`) VALUES
(1, '待出貨', '2020-04-27 00:04:35', '2020-07-04 17:28:26'),
(2, '已出貨', '2020-04-27 00:04:49', '2020-07-04 17:28:59');

-- --------------------------------------------------------

--
-- 資料表結構 `delivery_types`
--

CREATE TABLE `delivery_types` (
  `delivery` int(2) NOT NULL COMMENT '配送方式編號',
  `deliveryTypeName` varchar(100) COLLATE utf8mb4_unicode_ci NOT NULL COMMENT '配送方式名稱',
  `deliveryTypeImg` varchar(100) COLLATE utf8mb4_unicode_ci NOT NULL COMMENT '配送方式圖片檔名',
  `created_at` datetime NOT NULL DEFAULT current_timestamp() COMMENT '新增時間',
  `updated_at` datetime NOT NULL DEFAULT current_timestamp() ON UPDATE current_timestamp() COMMENT '更新時間'
) ENGINE=InnoDB DEFAULT CHARSET=utf8mb4 COLLATE=utf8mb4_unicode_ci COMMENT='配送方式';

--
-- 傾印資料表的資料 `delivery_types`
--

INSERT INTO `delivery_types` (`delivery`, `deliveryTypeName`, `deliveryTypeImg`, `created_at`, `updated_at`) VALUES
(1, '宅配', '', '2020-04-27 00:04:35', '2020-07-04 17:35:22'),
(2, '店到店', '', '2020-04-27 00:04:49', '2020-07-04 17:35:29');

-- --------------------------------------------------------

--
-- 資料表結構 `forget_password`
--

CREATE TABLE `forget_password` (
  `id` int(255) NOT NULL COMMENT '流水号',
  `userid` varchar(255) COLLATE utf8mb4_unicode_ci NOT NULL COMMENT '会员编号',
  `checkCode` int(10) NOT NULL COMMENT '验证码',
  `created` datetime NOT NULL DEFAULT current_timestamp() COMMENT '创建时间'
) ENGINE=InnoDB DEFAULT CHARSET=utf8mb4 COLLATE=utf8mb4_unicode_ci;

-- --------------------------------------------------------

--
-- 資料表結構 `items`
--

CREATE TABLE `items` (
  `itemId` int(11) NOT NULL COMMENT '流水號',
  `itemName` varchar(100) COLLATE utf8mb4_unicode_ci NOT NULL COMMENT '商品名稱',
  `itemImg` varchar(100) COLLATE utf8mb4_unicode_ci DEFAULT NULL COMMENT '商品照片路徑',
  `colorid` tinyint(20) DEFAULT NULL COMMENT '產品顏色',
  `itemsbrand` varchar(100) COLLATE utf8mb4_unicode_ci NOT NULL COMMENT '產品品牌',
  `itemstype` varchar(100) COLLATE utf8mb4_unicode_ci NOT NULL COMMENT '產品類型',
  `itemPrice` int(11) NOT NULL COMMENT '商品價格',
  `itemQty` int(255) NOT NULL COMMENT '商品數量',
  `itemsales` int(255) NOT NULL DEFAULT 1 COMMENT '銷售量',
  `itemsstar` tinyint(10) NOT NULL DEFAULT 1 COMMENT '產品評分',
  `itemstoreNumber` int(10) DEFAULT NULL COMMENT '賣場與商品對應編號',
  `itemscontent` varchar(255) COLLATE utf8mb4_unicode_ci DEFAULT NULL COMMENT '產品備註',
  `itemsweight` varchar(100) COLLATE utf8mb4_unicode_ci NOT NULL COMMENT '重量',
  `itemsdrive` varchar(100) COLLATE utf8mb4_unicode_ci NOT NULL COMMENT '單體驅動',
  `itemsfrequency` varchar(100) COLLATE utf8mb4_unicode_ci NOT NULL COMMENT '頻率響應',
  `itemsSensitivity` varchar(100) COLLATE utf8mb4_unicode_ci NOT NULL COMMENT '靈敏度',
  `itemsconnect` varchar(100) COLLATE utf8mb4_unicode_ci NOT NULL COMMENT '連結端子',
  `itemsmains` varchar(100) COLLATE utf8mb4_unicode_ci NOT NULL COMMENT '電源',
  `itemsEndurance` varchar(100) COLLATE utf8mb4_unicode_ci NOT NULL COMMENT '電池續航力',
  `itemswatertight` varchar(100) COLLATE utf8mb4_unicode_ci NOT NULL COMMENT '防水性',
  `itemsfeature` varchar(100) COLLATE utf8mb4_unicode_ci NOT NULL COMMENT '重點特色',
  `created_at` datetime NOT NULL DEFAULT current_timestamp() COMMENT '新增時間',
  `updated_at` datetime NOT NULL DEFAULT current_timestamp() ON UPDATE current_timestamp() COMMENT '更新時間'
) ENGINE=InnoDB DEFAULT CHARSET=utf8mb4 COLLATE=utf8mb4_unicode_ci COMMENT='商品列表';

--
-- 傾印資料表的資料 `items`
--

INSERT INTO `items` (`itemId`, `itemName`, `itemImg`, `colorid`, `itemsbrand`, `itemstype`, `itemPrice`, `itemQty`, `itemsales`, `itemsstar`, `itemstoreNumber`, `itemscontent`, `itemsweight`, `itemsdrive`, `itemsfrequency`, `itemsSensitivity`, `itemsconnect`, `itemsmains`, `itemsEndurance`, `itemswatertight`, `itemsfeature`, `created_at`, `updated_at`) VALUES
(1, 'Beoplay H3', 'B1.png', 3, 'BangOlufsen', '2', 5100, 100, 5, 5, 1, '在旅途中或在家中，都能透過 HD 350BT. 享受絕佳的無線音頻。', '16 公克', '動圈式', '20 – 16.000 Hz', '100dB/mW', '3.5mm', '無', '無', '無防水', '麥克風', '2020-05-04 23:14:00', '2020-07-03 20:43:43'),
(2, 'Beoplay E4', 'B2.png', 8, 'BangOlufsen', '2', 8400, 150, 5, 5, 1, '新款PXC 550-II無線耳機，優美的聲音質量，更出色的出行體驗。', '50 公克', '動圈式', '20 – 16.000 Hz', '100dB/mW', '3.5 mm', '無', '無', '無防水', '主動式降噪.麥克風', '2020-05-04 23:14:00', '2020-07-03 20:43:46'),
(3, 'Beoplay E6', 'B3.png', 8, 'BangOlufsen', '2', 6700, 100, 10, 5, 1, '新款MOMENTUM Wireless無線耳機，人性化設計，優越聲音品質。', '21 公克', '動圈式', '20 – 22,000 Hz', '100dB/mW', '藍牙', '充電式', ' 5 小時', '無防水', '麥克風', '2020-05-04 23:14:00', '2020-07-03 20:43:48'),
(4, 'Beoplay E8', 'B4.png', 9, 'BangOlufsen', '2', 12000, 50, 5, 5, 0, 'Sennheiser PXC 550 Wireless將每一次旅程變成一流的體驗', '左耳7g右耳6g', '動圈式', '20 – 20,000  Hz', '107dB/mW', '藍牙', '充電式', '4小時', '無防水', '觸控介面', '2020-05-04 23:14:00', '2020-07-02 11:00:36'),
(5, 'Beoplay E8 2.0', 'B5.png', 8, 'BangOlufsen', '2', 10000, 100, 50, 5, 0, '新推出的Sennheiser HD4.40BT無線耳機提供了高質量的無線聲音信號', '左耳7g右耳6g', '動圈式', '20 – 20,000  Hz', '107dB/mW', '藍牙', '充電式', '4小時', '無防水', '麥克風.觸控介面', '2020-05-04 23:14:00', '2020-07-02 11:00:42'),
(6, 'Beoplay E8 3rd Gen', 'B6.png', 8, 'BangOlufsen', '2', 12000, 100, 20, 5, 0, '獨家主動降噪技術為你帶來頂尖的聲學表現。', '左耳6g右耳6g', '動圈式', '20 – 20,000  Hz', '107dB/mW', '藍牙', '充電式', '7小時', '可防水', '抗噪.麥克風', '2020-05-04 23:14:00', '2020-07-02 11:00:50'),
(7, 'Beoplay H4 2nd Gen', 'B7.png', 8, 'BangOlufsen', '1', 7500, 50, 10, 5, 0, '同時支援藍牙?無線科技 及混合式主動降噪技術', '244 公克', '動圈式', '20 – 20,000  Hz', '91 dB/mW', '藍牙', '充電式', '19 小時', '無防水', '麥克風', '2020-05-04 23:14:00', '2020-07-02 11:00:59'),
(8, 'Beoplay H8i', 'B8.png', 3, 'BangOlufsen', '1', 13500, 50, 5, 5, 0, '有了RS 195，你可重新體驗音樂帶來的無窮樂趣', '215公克', '動圈式', '20 – 22,000 Hz', '91 dB/mW', '藍牙', '充電式', '30小時', '無防水', '主動式降噪.麥克風', '2020-05-04 23:14:00', '2020-07-02 11:01:03'),
(9, 'Beoplay H9 3rd Gen', 'B9.png', 8, 'BangOlufsen', '1', 17000, 50, 10, 5, 0, '能手動調節聲音精確度的耳筒系統，高要求用家的無線選擇。', '285公克', '動圈式', '20 – 22,000 Hz', '91 dB/mW', '藍牙', '充電式', '33小時', '無防水', '主動式降噪.麥克風', '2020-05-04 23:14:00', '2020-07-02 11:01:10'),
(10, 'AONIC 215', 'sh1.png', 8, 'Shure', '2', 13500, 100, 30, 5, 0, '有著震撼低頻和環迴立體聲的耳筒系統，更有趣的家居影音體驗!', '21公克', '動鐵式', '2402-2480 Hz', '107dB/mW', '藍牙', '充電式', '8小時', '無防水', 'Qualcomm? aptX?', '2020-05-04 23:14:00', '2020-07-02 11:01:14'),
(11, 'KSE1200', 'sh2.png', 8, 'Shure', '2', 62000, 50, 10, 5, 0, '由於封閉式耳罩設計加強了被動降噪功能，你可以安心地聽音樂，而不用擔心打擾周圍的乘客', '44公克', '靜電式', '20 – 50,000 Hz', '107dB/mW', '3.5 mm', '無', '無', '無防水', 'DAC擴大機', '2020-05-04 23:14:00', '2020-05-04 23:14:00'),
(12, 'KSE1500', 'sh7_1.png', 8, 'Shure', '2', 96000, 1000, 150, 5, 0, '能方便地播放音樂和接聽電話，紮實的折疊設計讓這款耳機不僅堅固耐用', '44公克', '靜電式', '10 – 50,000 Hz', '113dB/mW', '3.5 mm', '無', '無', '無防水', 'DAC擴大機', '2020-05-04 23:14:00', '2020-06-27 12:20:09'),
(13, 'SE215', 'sh4.png', 8, 'Shure', '2', 4500, 500, 50, 5, 0, '換能器單元確保了聲音保持良好的平衡，以及強勁有力的動感低頻響應。', '30公克', '動圈式', '22 - 17000 Hz', '105dB/mW', '3.5 mm', '無', '無', '無防水', '通話功能', '2020-05-04 23:14:00', '2020-05-04 23:14:00'),
(14, 'SE425', 'sh5.png', 9, 'Shure', '2', 9700, 100, 20, 5, 0, 'Apogee Groove提供的一款USB DAC（數位類比轉換器）及耳機放大器', '30公克', '動鐵式', '22 - 19000 Hz', '109dB/mW', '3.5 mm', '無', '無', '無防水', '通話功能', '2020-05-04 23:14:00', '2020-05-04 23:14:00'),
(15, 'SE535', 'sh6.png', 1, 'Shure', '2', 15000, 50, 10, 5, 0, 'HD 300 PRO監聽耳機最新研發的聲學系統，確保其能夠提供一個自然中性、細膩精確的聲音播放', '30公克', '動鐵式', '18 - 19000 Hz', '119dB/mW', '藍牙', '充電式', '8小時', '無防水', '鍵式線控和麥克風', '2020-05-04 23:14:00', '2020-05-04 23:14:00'),
(16, 'SE846', 'sh7.png', 9, 'Shure', '2', 30000, 50, 20, 5, 0, 'Sennheiser的新型HD 660S是充滿激情的發燒友的理想開放式動態耳機。', '45公克', '動鐵式', '15 - 20000 Hz', '114dB/mW', '藍牙', '充電式', '8小時', '無防水', '內建耳擴.麥克風', '2020-05-04 23:14:00', '2020-05-04 23:14:00'),
(17, 'AONIC 50', 'sh8.png', 8, 'Shure', '1', 11000, 20, 5, 5, 0, '能夠以Hi–Fi級的質量欣賞音樂節目。配置了獨特的玻璃材質換能器外殼，以實現小共振', '334公克', '動圈式', '20 - 22000 Hz', '97.5dB/mW', '藍牙', '充電式', '20小時', '無防水', '主動式降噪', '2020-05-04 23:14:00', '2020-07-02 11:01:19'),
(18, 'SRH1440', 'B9.png', 8, 'Shure', '1', 9500, 100, 60, 5, 0, ' 是一款封閉動圈式立體聲耳機，適合預算有限的音樂愛好者，具有聲音重放有力、環境噪聲衰減性能出色、佩戴舒適等特點。', '343公克', '動圈式', '15 - 27000 Hz', '101dB/mW', '3.5 mm', '無', '無', '無防水', '40毫米釹磁鐵驅動', '2020-05-04 23:14:00', '2020-06-27 12:32:29'),
(19, 'SRH1540', 'sh10.png', 8, 'Shure', '1', 15500, 100, 30, 5, 0, 'Sennheiser的NoiseGard主動降噪，夠保證你在任何環境中安靜也能夠聆聽和欣賞自己的音樂。', '286公克', '動圈式', '05 - 25000 Hz', '99dB/mW', '3.5 mm', '無', '無', '無防水', '40毫米釹磁鐵驅動', '2020-05-04 23:14:00', '2020-05-04 23:14:00'),
(20, 'SRH1840', 'sh9.png', 8, 'Shure', '1', 15500, 100, 50, 5, 0, '這款後腔封閉式包耳設計的無線耳機採用了藍牙4.0技術和aptX兼容技術，能夠傳輸真正的高保真聲音信號', '268公克', '動圈式', '10 - 30000 Hz', '96dB/mW', '3.5 mm', '無', '無', '無防水', '40毫米釹磁鐵驅動', '2020-05-04 23:14:00', '2020-06-27 12:29:45'),
(21, 'SRH240A', 'sh12.png', 8, 'Shure', '1', 2000, 80, 20, 5, 0, 'Sennheiser HD 5系列在各個方面都提供高質量和價值。採用Sennheiser專屬換能器技術', '238公克', '動圈式', '20 – 20,000 Hz', '107dB/mW', '3.5 mm', '無', '無', '無防水', '全封閉式設計', '2020-05-04 23:14:00', '2020-05-04 23:14:00'),
(22, 'SRH440', 'sh13.png', 8, 'Shure', '1', 2800, 200, 50, 5, 0, ' HD 200 PRO 能夠為每一種監聽需求和資金預算需求提供細膩強勁的聲音監聽', '272公克', '動圈式', '10 – 20,000 Hz', '105dB/mW', '3.5 mm', '無', '無', '無防水', '全封閉式設計', '2020-05-04 23:14:00', '2020-05-04 23:14:00'),
(23, 'SRH550DJ', 'sh14.png', 8, 'Shure', '1', 3600, 100, 20, 5, 0, '具有完美設計的這款旅行系列頭戴耳麥凝聚了Sennheiser在聲音和音頻技術上的品質體現', '235公克', '動圈式', '05 - 22000 Hz', '109dB/mW', '3.5 mm', '無', '無', '無防水', '50毫米釹磁體動圈', '2020-05-04 23:14:00', '2020-05-04 23:14:00'),
(24, 'SRH750DJ', 'sh15.png', 3, 'Shure', '1', 3850, 50, 10, 5, 0, '插入具有開放包耳式設計以及高級Sennheiser換能器系統的HD 559，它將為你帶來卓越的聲音體驗', '227公克', '動圈式', '05 - 30000 Hz', '106dB/mW', '3.5 mm', '無', '無', '無防水', '全封閉式設計', '2020-05-04 23:14:00', '2020-05-04 23:14:00'),
(25, 'SRH840', 'sh16.png', 8, 'Shure', '1', 5500, 100, 20, 5, 0, '採用封閉包耳式設計的HD 569為家庭娛樂領域帶來靈活選項。它提供了一個細節豐富而清晰的低音，', '318公克', '動圈式', '05 - 25000 Hz', '102dB/mW', '3.5 mm', '無', '無', '無防水', '全封閉式降噪', '2020-05-04 23:14:00', '2020-05-04 23:14:00'),
(26, 'SRH940', 'sh17.png', 9, 'Shure', '1', 10400, 50, 10, 5, 0, 'HD 579提供高端性能，為家庭娛樂帶來近乎高保真的聲音水平', '320公克', '動圈式', '05 - 30000 Hz', '100dB/mW', '3.5 mm', '無', '無', '無防水', '全封閉式降噪', '2020-05-04 23:14:00', '2020-05-04 23:14:00'),
(27, 'MDR XB650BT', 'sh8.png', 8, 'SONY', '1', 4990, 50, 5, 5, 0, '當代設計既富有吸引力，也符合人體工學。對於那些帶著發現探索精神去聽音樂的人來說', '190公克', '動圈式', '20 – 20,000 Hz', '95dB/mW', '藍牙', '充電式', '30小時', '無防水', '麥克風', '2020-05-04 23:14:00', '2020-07-02 11:01:26'),
(28, 'MDR XB950B1', 'g8.png', 8, 'SONY', '1', 5990, 60, 10, 5, 0, '堅固的折疊設計讓這款耳機堅固緊湊，能夠隨身攜帶', '280公克', '動圈式', '20 – 20,000 Hz', '95dB/mW', '藍牙', '充電式', '18小時', '無防水', '全封閉式降噪', '2020-05-04 23:14:00', '2020-07-02 11:01:29'),
(29, 'MDR XB950N1', 'g8.png', 8, 'SONY', '1', 7490, 20, 5, 5, 0, 'HD 800 作為一代經典，它不但提供自然的聲音和真實的細節', '290公克', '動圈式', '20 – 20,000 Hz', '100dB/mW', '藍牙', '充電式', '22小時', '無防水', '全封閉式降噪', '2020-05-04 23:14:00', '2020-07-02 11:01:32'),
(30, 'MDR H600A', 'sh8.png', 8, 'SONY', '1', 5490, 137, 123, 5, 0, '遊戲專用耳機麥克風組 體驗廣闊空間感的開放音色 令人置身於遊戲世界中的開放式電競用耳機', '220公克', '動圈式', '05 – 60,000 Hz', '103dB/mW', '3.5 mm', '無', '無', '無防水', '麥克風', '2020-05-04 23:14:00', '2020-07-02 11:01:37'),
(31, 'WH XB700', 'B7.png', 8, 'SONY', '1', 4490, 56, 395, 5, 0, '遊戲專用耳機麥克風組 承繼針對專業取向的耳機與麥克風的設計概念 出乎想像的深入遊戲體驗', '195公克', '動圈式', '20 – 16.000 Hz', '103dB/mW', '藍牙', '充電式', '30小時', '無防水', '內建麥克風可', '2020-05-04 23:14:00', '2020-07-02 11:01:40'),
(32, 'WH XB900N', 'B7.png', 8, 'SONY', '1', 7490, 98, 279, 5, 0, '遊戲專用無線耳機麥克風組 承繼針對專業取向的耳機與麥克風的設計概念 出乎想像的深入遊戲體驗', '254公克', '動圈式', '20 – 40,000 Hz', '103dB/mW', '藍牙', '充電式', '30小時', '無防水', '觸控感應面板', '2020-05-04 23:14:00', '2020-07-02 11:01:43'),
(33, 'WH CH710N', 'B7.png', 8, 'SONY', '1', 4990, 137, 395, 5, 0, '沉浸於黑檀演奏的優雅樂音 傳統的木製機殼耳機', '223公克', '動圈式', '07 –20,000 Hz?', '100dB/mW', '藍牙', '充電式', '35小時', '無防水', '免持通話.降噪功能', '2020-05-04 23:14:00', '2020-07-02 11:01:46'),
(34, 'WH H810', 'B7.png', 8, 'SONY', '1', 5980, 56, 123, 5, 0, '墜入淺田櫻的自然聲響之中 革新的木製機殼耳機', '180公克', '動圈式', '20 – 40,000 Hz', '100dB/mW', '藍牙', '充電式', '30小時', '無防水', '輕便可摺疊設計', '2020-05-04 23:14:00', '2020-07-02 11:01:50'),
(35, 'WH H910N', 'B7.png', 8, 'SONY', '1', 8990, 98, 279, 5, 0, '聲音與皮革， 匠人極致工藝的傳奇聯名再次降臨。', '251公克', '動圈式', '05 – 40,000 Hz', '100dB/mW', '藍牙', '充電式', '45小時', '無防水', '觸控面板.降噪', '2020-05-04 23:14:00', '2020-07-02 11:01:53'),
(36, 'WH 1000XM3', 'B7.png', 8, 'SONY', '1', 10900, 137, 123, 5, 0, '機殼採用音響特性非常優越的天然條紋黑檀木材', '255公克', '動圈式', '04 – 40,000 Hz', '101dB/mW', '藍牙', '充電式', '30小時', '無防水', 'HD 降噪.觸控面板', '2020-05-04 23:14:00', '2020-07-02 11:01:58'),
(37, 'MDR 1AM2', 'B8.png', 8, 'SONY', '1', 7990, 56, 395, 5, 0, '密閉式動圈型耳機 創造純淨至高音樂空間的一時之選', '187公克', '動圈式', '03-100000Hz', '98dB/mW', '3.5 mm', '無', '無', '無防水', '通話功能.40mm驅動', '2020-05-04 23:14:00', '2020-07-02 11:02:02'),
(38, 'MDR Z7M2', 'B8.png', 8, 'SONY', '1', 19900, 98, 279, 5, 0, '密閉式動圈型耳機 前往未知的感動 精緻的聲音與重現力', '340公克', '混合式', '04-100000Hz', '98dB/mW', '3.5 mm', '無', '無', '無防水', '高解析封閉式', '2020-05-04 23:14:00', '2020-07-02 11:02:06'),
(39, 'MDR Z1R', 'B8.png', 8, 'SONY', '1', 55900, 137, 395, 5, 0, '密閉式動圈型耳機 細微之處也毫無遺漏 呈現聲音的全貌', '385公克', '動鐵式', '04-120000Hz', '100dB/mW', '3.5 mm', '無', '無', '無防水', '70mm驅動單元', '2020-05-04 23:14:00', '2020-07-02 11:02:10'),
(40, 'IER Z1R', 'sn14.png', 9, 'SONY', '2', 55900, 56, 123, 5, 0, '密閉式動圈型耳機 纖細而豐富 傳統的監聽聲響', '26公克', '動鐵式', '03-100000Hz', '103dB/mW', '3.5 mm', '無', '無', '無防水', '5mm+12mm驅動', '2020-05-04 23:14:00', '2020-07-02 11:02:13'),
(41, 'IER M9', 'sn15.png', 8, 'SONY', '2', 35900, 98, 279, 5, 0, '無線抗噪耳機 獨創主動式抗噪技術與藍牙無線技術，能有效隔絕環境噪音。', '11公克', '動鐵式', '05 – 40,000 Hz', '103dB/mW', '3.5 mm', '無', '無', '無防水', 'Sony 原創BA 驅動單體', '2020-05-04 23:14:00', '2020-07-02 11:02:16'),
(42, 'IER M7', 'sn16.png', 8, 'SONY', '2', 19900, 137, 123, 5, 0, '輕薄機身與厚實的低音 每天都想聆聽的 無線×耳罩式耳機', '9公克', '混合式', '05 – 40,000 Hz', '103dB/mW', '3.5 mm', '無', '無', '無防水', 'Sony 原創BA 驅動單體', '2020-05-04 23:14:00', '2020-07-02 11:02:20'),
(43, 'XBA Z5', 'akg5.png', 8, 'SONY', '2', 20900, 56, 395, 5, 0, '連寂靜之處亦描繪於耳畔， 高精細度原音重現。', '11公克', '動圈式', '03 – 40,000 Hz', '107dB/mW', '3.5 mm', '無', '無', '無防水', 'HD 混和式驅動單體設計', '2020-05-04 23:14:00', '2020-07-02 11:02:22'),
(44, 'XBA N3BP', 'akg5.png', 8, 'SONY', '2', 11900, 98, 279, 5, 0, '讓你隨時隨處 體驗高解析音質的絕佳聽感', '11公克', '混合式', '03 – 40,000 Hz', '107dB/mW', '3.5 mm', '無', '無', '無防水', 'LCPHD混合式驅動系統', '2020-05-04 23:14:00', '2020-07-02 11:02:24'),
(45, 'WF 1000XM3', 'akg5.png', 8, 'SONY', '2', 7490, 137, 395, 5, 0, '承襲 MSR7 優異聲音表現，加以強化的限定版機種', '8.5公克', '動圈式', '20 – 20,000 Hz', '107dB/mW', '藍牙', '充電式', '6小時', '無防水', '主動式降噪.麥克風', '2020-05-04 23:14:00', '2020-07-02 11:02:28'),
(46, 'AMBEO SMART HEADSET', 'se1.png', 9, 'Senheier', '2', 9900, 56, 123, 5, 0, '集結獨創的音響技術 鉅細靡遺傳遞真實音色的高解析度', '30公克', '動圈式', '15-22,000Hz', '112 dB', '3.5mm', '無', '無', '無防水', '3D錄音效果', '2020-05-04 23:14:00', '2020-07-02 11:02:33'),
(47, 'CX 1.00', 'se2.png', 8, 'Senheier', '2', 1980, 98, 279, 5, 0, '繼往開來的獨家音響設計，實現純正的高解析音質播放', '10公克', '動圈式', '17Hz - 20kHz', '100dB', '無', '無', '無', '無防水', '舒適性', '2020-05-04 23:14:00', '2020-07-02 11:02:36'),
(48, 'CX 150BT', 'se3.png', 8, 'Senheier', '2', 2490, 137, 123, 5, 0, '高解析音質播放，忠實重現原音', '12公克', '動圈式', '17–20,000 Hz', '112 dB', '無', '充電式', '10小時', '無防水', '可同時連接兩台設備', '2020-05-04 23:14:00', '2020-07-02 11:02:39'),
(49, 'GAME ONE', 'se4.png', 8, 'Senheier', '1', 9900, 56, 395, 5, 0, '高解析音質播放，忠實重現原音', '300 公克', '動圈式', '15-28,000Hz', '116dB', 'UNP單端耳機線 (1.2 m)', '無', '無', '無防水', '遊戲用', '2020-05-04 23:14:00', '2020-07-02 11:02:43'),
(50, 'GAME ZERO', 'se5.png', 8, 'Senheier', '1', 11000, 98, 279, 5, 0, '播放鮮明聲響的高音質表現', '300 公克', '動圈式', '15-28,000Hz', '108dB', 'UNP單端耳機線 (1.2 m)', '無', '無', '無防水', '遊戲用', '2020-05-04 23:14:00', '2020-07-02 11:02:46'),
(51, 'GSP 300', 'se6.png', 8, 'Senheier', '1', 2990, 137, 395, 5, 0, '播放鮮明聲響的高音質表現', '290 公克', '動圈式', '15-26,000Hz', '113dB', '3.5mm', '無', '無', '無防水', '降噪', '2020-05-04 23:14:00', '2020-07-02 11:02:49'),
(52, 'GSP 370', 'se7.png', 8, 'Senheier', '1', 6990, 56, 123, 5, 0, '播放鮮明聲響的高音質表現', '285 公克', '動圈式', '20–20,000 Hz', '117 dB', '藍牙', '充電式', '100小時', '無防水', '降噪', '2020-05-04 23:14:00', '2020-07-02 11:02:51'),
(53, 'GSP 500', 'se8.png', 8, 'Senheier', '1', 7490, 98, 279, 5, 0, '播放鮮明聲響的高音質表現', '358 公克', '動圈式', '10-30,000Hz', '107dB', '2.5 m', '無', '無', '無防水', '降噪', '2020-05-04 23:14:00', '2020-07-02 11:02:54'),
(54, 'GSP 550', 'se9.png', 8, 'Senheier', '1', 8690, 137, 123, 5, 0, '輕量&小型化仍具備強而有力音效', '358 公克', '動圈式', '10-30,000Hz', '107dB', '1.2 m USB', '無', '無', '無防水', '環繞音效', '2020-05-04 23:14:00', '2020-07-02 11:02:56'),
(55, 'HD 2.10', 'ath1.png', 8, 'Senheier', '1', 2190, 56, 395, 5, 0, '輕量&小型化仍具備強而有力音效', '85公克', '動圈式', '14- 18,000 Hz', '110dB', '3.5 mm', '無', '無', '無防水', '封閉隔音', '2020-05-04 23:14:00', '2020-07-02 11:02:59'),
(56, 'HD 2.20s', 'ath1.png', 8, 'Senheier', '1', 2800, 98, 279, 5, 0, '輕量&小型化仍具備強而有力音效', '246 公克', '動圈式', '14- 18,000 Hz', '112 dB', '3.5 mm', '無', '無', '無防水', '封閉隔音', '2020-05-04 23:14:00', '2020-07-02 11:03:03'),
(57, 'HD 2.30', 'ath1.png', 8, 'Senheier', '1', 3550, 137, 395, 5, 0, '輕量&小型化仍具備強而有力音效', '262 公克', '動圈式', '18 Hz – 22000 Hz', '115dB', '3.5mm 直式插頭', '無', '無', '無防水', '封閉隔音', '2020-05-04 23:14:00', '2020-07-02 11:03:06'),
(58, 'HD 25 Light', 'ath1.png', 8, 'Senheier', '1', 4500, 56, 123, 5, 0, '最適合上街使用的單邊出線風格 可體驗通話與操作樂趣的智慧型手機支援機種', '120 公克', '動圈式', '16Hz - 22000Hz', '120 dB', '3.5 轉 6.3 mm 轉接插頭', '無', '無', '無防水', '輕量化設計', '2020-05-04 23:14:00', '2020-07-02 11:03:11'),
(59, 'HD 26 PRO', 'ath1.png', 8, 'Senheier', '1', 12800, 98, 279, 5, 0, '最適合上街使用的單邊出線風格 可體驗通話與操作樂趣的智慧型手機支援機種', '180 公克', '動圈式', '20Hz-18.000Hz', '115 dB', '3.5 轉 6.3 mm 螺旋式接頭', '無', '無', '無防水', '可翻轉的耳殼', '2020-05-04 23:14:00', '2020-07-02 11:03:18'),
(60, 'MOMENTUM On Ear M2', 'ath1.png', 8, 'Senheier', '1', 9100, 150, 55, 5, 0, '高解析音質播放，忠實重現原音', '120 公克', '動圈式', '16 Hz – 22000 Hz', '112 dB', '3.5mm 直角插頭', '無', '無', '無防水', '三鍵線控', '2020-05-04 23:14:00', '2020-07-02 11:03:28'),
(61, 'ATH ANC500BT', 'ath1.png', 8, 'audioTechnica', '1', 4000, 150, 55, 5, 0, '高解析音質播放，忠實重現原音', '180 公克', '密閉式動圈型', '20∼20,000 Hz', '96dB', '3.5 mm', '充電式', '20 小時', '無防水', '獨創主動式抗噪技術與藍牙無線技術，能有效隔絕環境噪音', '2020-05-04 23:14:00', '2020-07-02 11:03:33'),
(62, 'ATH AP2000Ti', 'ath2.png', 8, 'audioTechnica', '1', 4600, 150, 55, 5, 0, '播放鮮明聲響的高音質表現', '300公克', '密閉式動圈型', '5∼50,000Hz', '100dB', '3.5mm', '無', '無', '無防水', '便攜型耳罩式耳機 連寂靜之處亦描繪於耳畔， 高精細度原音重現', '2020-05-04 23:14:00', '2020-07-02 11:03:36'),
(63, 'ATH AWAS', 'ath3.png', 1, 'audioTechnica', '1', 38900, 150, 55, 5, 0, '播放鮮明聲響的高音質表現', '395公克', '密閉式動圈型', '5∼42,000Hz', '99dB', '6.3mm', '無', '無', '無防水', '墜入淺田櫻的自然聲響之中 革新的木製機殼耳機', '2020-05-04 23:14:00', '2020-07-02 11:03:39'),
(64, 'ATH AWKT', 'ath4.png', 8, 'audioTechnica', '1', 54700, 143, 55, 5, 0, '播放鮮明聲響的高音質表現', '405公克', '密閉式動圈型', '5~45,000Hz', '102dB', '6.3mm', '無', '無', '無防水', '沉浸於黑檀演奏的優雅樂音 傳統的木製機殼耳機', '2020-05-04 23:14:00', '2020-07-02 11:03:42'),
(65, 'ATH G1', 'ath5.png', 8, 'audioTechnica', '1', 6000, 143, 55, 5, 0, '播放鮮明聲響的高音質表現', '250公克', '密閉動圈型', '5∼40,000Hz', '101dB', '3.5mm', '無', '無', '無防水', '承繼針對專業取向的耳機與麥克風的設計概念 出乎想像的深入遊戲體驗', '2020-05-04 23:14:00', '2020-07-02 11:03:46'),
(66, 'ATH G1WL', 'ath6.png', 8, 'audioTechnica', '1', 9900, 143, 75, 5, 0, '輕量&小型化仍具備強而有力音效', '290公克', '密閉動圈型', '5∼40,000Hz', '101dB', 'USB', '充電式', '15小時', '無防水', '承繼針對專業取向的耳機與麥克風的設計概念 出乎想像的深入遊戲體驗', '2020-05-04 23:14:00', '2020-07-02 11:03:50'),
(67, 'ATH L5000', 'ath7.png', 3, 'audioTechnica', '1', 13850, 143, 75, 5, 0, '輕量&小型化仍具備強而有力音效', '480公克', '密閉式動圈型', '5∼50,000Hz', '100dB', '6.3mm', '無', '無', '無防水', '聲音與皮革， 匠人極致工藝的傳奇聯名再次降臨', '2020-05-04 23:14:00', '2020-07-02 11:03:52'),
(68, 'ATH LS200', 'ath8.png', 1, 'audioTechnica', '2', 10000, 143, 75, 5, 0, '輕量&小型化仍具備強而有力音效', '6 公克', '動圈型', '20∼16,000Hz', '110dB', '3.5mm', '無', '無', '無防水', '從高亢聲線到活力十足的音場均能良好描繪', '2020-05-04 23:14:00', '2020-07-02 11:03:56'),
(69, 'ATH LS50 BK', 'ath9.png', 8, 'audioTechnica', '2', 2800, 143, 90, 5, 0, '輕量&小型化仍具備強而有力音效', '6.5 公克', '動圈型', '5∼25,000Hz', '103dB', '3.5mm', '無', '無', '無防水', '同時呈現強韌低頻以及清澈中高頻的雙動圈設計耳機', '2020-05-04 23:14:00', '2020-07-02 11:04:02'),
(70, 'ATH LS50 NV', 'ath10.png', 5, 'audioTechnica', '2', 2800, 75, 90, 5, 0, '最適合上街使用的單邊出線風格 可體驗通話與操作樂趣的智慧型手機支援機種', '6.5 公克', '動圈型', '5∼25,000Hz', '103dB', '3.5mm', '無', '無', '無防水', '同時呈現強韌低頻以及清澈中高頻的雙動圈設計耳機', '2020-05-04 23:14:00', '2020-07-02 11:04:07'),
(71, 'ATH LS50 RD', 'ath11.png', 1, 'audioTechnica', '2', 2800, 75, 90, 5, 0, '最適合上街使用的單邊出線風格 可體驗通話與操作樂趣的智慧型手機支援機種', '6.5 公克', '動圈型', '5∼25,000Hz', '103dB', '3.5mm', '無', '無', '無防水', '同時呈現強韌低頻以及清澈中高頻的雙動圈設計耳機', '2020-05-04 23:14:00', '2020-07-02 11:04:12'),
(72, 'ATH LS50 YL', 'ath12.png', 3, 'audioTechnica', '2', 2800, 75, 90, 5, 0, '高解析音質播放，忠實重現原音', '6.5 公克', '動圈型', '5∼25,000Hz', '103dB', '3.5mm', '無', '無', '無防水', '同時呈現強韌低頻以及清澈中高頻的雙動圈設計耳機', '2020-05-04 23:14:00', '2020-07-02 11:04:16'),
(73, 'ATH PDG1a', 'ath13.png', 1, 'audioTechnica', '1', 5000, 75, 90, 5, 0, '高解析音質播放，忠實重現原音', '225公克', '開放式動圈型', '20∼20,000Hz', '92dB', '3.5mm', '無', '無', '無防水', '體驗廣闊空間感的開放音色 令人置身於遊戲世界中的開放式電競用耳機', '2020-05-04 23:14:00', '2020-07-02 11:04:19'),
(74, 'ATH SR50', 'ath14.png', 8, 'audioTechnica', '1', 6100, 75, 90, 5, 0, '播放鮮明聲響的高音質表現', '229公克', '密閉式動圈型', '5∼45,000Hz', '100dB', '3.5mm', '無', '無', '無防水', '便攜式耳罩式耳機 讓你隨時隨處 體驗高解析音質的絕佳聽感', '2020-05-04 23:14:00', '2020-07-02 11:04:22'),
(75, 'ATH WS330BT', 'ath15.png', 8, 'audioTechnica', '1', 4200, 75, 90, 5, 0, '播放鮮明聲響的高音質表現', '167公克', '密閉式動圈型', '5∼35,000Hz', '108dB', 'USB', '充電式', '70小時', '無防水', '輕薄機身與厚實的低音 每天都想聆聽的 無線×耳罩式耳機', '2020-05-04 23:14:00', '2020-07-02 11:04:25'),
(76, 'K350', 'sh4_1.png', 8, 'AKG', '2', 1600, 85, 52, 5, 1, '播放鮮明聲響的高音質表現', '3公克', '動圈式', '12Hz ~ 23.5KHz', '121 dB SPL/V', '3.5mm', '無', '無', '無防水', '輕量級/蘋果專用', '2020-05-04 23:14:00', '2020-07-03 19:27:04'),
(77, 'K451', 'g2.png', 8, 'AKG', '1', 3900, 85, 52, 5, 0, '播放鮮明聲響的高音質表現', '120公克', '動圈式', '11Hz ~ 29.5KHz', '126 dB SPL/V', '3.5mm', '無', '無', '無防水', '麥克風/蘋果專用\n/可拆式耳機線', '2020-05-04 23:14:00', '2020-06-27 13:21:17'),
(78, 'N25', 'akg3.png', 8, 'AKG', '2', 4900, 85, 52, 5, 0, '輕量&小型化仍具備強而有力音效', '15公克', '雙動圈單體', '20Hz ~ 40KHz', '92 dB SPL/V', '3.5mm', '無', '無', '無防水', '雙單體', '2020-05-04 23:14:00', '2020-05-04 23:14:00'),
(79, 'N30', 'akg4.png', 8, 'AKG', '2', 8900, 85, 52, 5, 0, '輕量&小型化仍具備強而有力音效', '19.5公克', '平衡及動圈混和', '20Hz ~ 40KHz', '101 dB SPL/V', '3.5mm', '無', '無', '無防水', '混和式單體/麥克風\n/可拆式耳機線', '2020-05-04 23:14:00', '2020-05-04 23:14:00'),
(80, 'N40', 'akg5.png', 8, 'AKG', '2', 9900, 85, 52, 5, 0, '輕量&小型化仍具備強而有力音效', '22公克', '平衡及動圈混和', '10~40KHz', '115 dB SPL/V', '3.5mm', '無', '無', '無防水', '混和式單體/麥克風\n/可拆式耳機線', '2020-05-04 23:14:00', '2020-05-04 23:14:00'),
(81, 'N60NC Wireless', 'akg6.png', 8, 'AKG', '1', 7900, 45, 52, 5, 0, '輕量&小型化仍具備強而有力音效', '211公克', '平衡及動圈混和', '10Hz ~ 22KHz', '111 dB SPL/V', '3.5mm/無線藍牙4.0', 'USB充電', '15小時', '無防水', '可折疊', '2020-05-04 23:14:00', '2020-05-04 23:14:00'),
(82, 'N90QLE', 'g4.png', 3, 'AKG', '1', 11999, 40, 52, 5, 0, '最適合上街使用的單邊出線風格 可體驗通話與操作樂趣的智慧型手機支援機種', '460公克', '動圈式', '10Hz ~ 25KHz', '110dB SPL', '3.5mm/無線藍牙', 'USB充電', '11小時', '無防水', '「TruNote」自動校準\n/主動降噪', '2020-05-04 23:14:00', '2020-06-27 13:25:53'),
(83, 'N400NC Wireless', 'akg8.png', 8, 'AKG', '2', 6000, 40, 44, 5, 0, '最適合上街使用的單邊出線風格 可體驗通話與操作樂趣的智慧型手機支援機種', '7.7公克', '動圈式', '10 Hz-20 kHz', '96 dBSPL', '無線藍牙5.0', 'USB-C充電', '6小時', '可防水', '主動降噪/觸控式', '2020-05-04 23:14:00', '2020-05-04 23:14:00'),
(84, 'N700NCBT', 'akg9.png', 9, 'AKG', '1', 10900, 40, 85, 5, 0, '高解析音質播放，忠實重現原音', '270公克', '動圈式', '10 Hz-20 kHz', '110 dB dB SPL/ V', '無線藍牙4.1', 'USB充電', '36小時', '無防水', '主動降噪/麥克風', '2020-05-04 23:14:00', '2020-05-04 23:14:00'),
(85, 'N5005', 'akg10.png', 8, 'AKG', '2', 29900, 40, 44, 5, 0, '高解析音質播放，忠實重現原音', '11.4公克', '平衡及動圈混和', '10Hz ~ 40KHz', '116dB SPL / V', '3.5mm/無線藍牙4.1', 'USB充電', '8 小時', '無防水', '混和式單體\n/可拆式耳機線', '2020-05-04 23:14:00', '2020-05-04 23:14:00'),
(86, 'Y23U', 'akg11.png', 9, 'AKG', '1', 1800, 40, 85, 5, 0, '播放鮮明聲響的高音質表現', '12.85公克', '動圈式', '20Hz?20kHz', '98dB SPL / V', '3.5mm', '無', '無', '無防水', '超小單體/麥克風', '2020-05-04 23:14:00', '2020-05-04 23:14:00'),
(87, 'Y50', 'akg12.png', 8, 'AKG', '1', 2490, 40, 85, 5, 0, '播放鮮明聲響的高音質表現', '190公克', '動圈式', '16Hz ~ 24KHz', '115 dB SPL/V', '3.5mm', '無', '無', '無防水', '3D-Axis轉軸/麥克風\n/可拆式耳機線', '2020-05-04 23:14:00', '2020-05-04 23:14:00'),
(88, 'Y45BT', 'akg13.png', 8, 'AKG', '1', 5000, 40, 85, 5, 0, '播放鮮明聲響的高音質表現', '245公克', '動圈式', '17Hz ~ 20KHz', '120 dB SPL/V', '3.5mm/無線藍牙3.0', 'USB充電', '20小時', '無防水', '3D-Axis轉軸\n/usb快速充電', '2020-05-04 23:14:00', '2020-05-04 23:14:00'),
(89, 'Y100BT', 'akg14.png', 8, 'AKG', '2', 2490, 40, 85, 5, 0, '播放鮮明聲響的高音質表現', '24公克', '動圈式', '20 Hz-20 kHz', '115 dB SPL / V', '無線藍牙4.2', 'USB充電', '8小時', '無防水', '環境感知/麥克風', '2020-05-04 23:14:00', '2020-05-04 23:14:00'),
(90, 'Y500BT', 'akg15.png', 8, 'AKG', '1', 4990, 40, 85, 5, 0, '輕量&小型化仍具備強而有力音效', '230公克', '動圈式', '16Hz-22kHz', '117dB SPL/V', '3.5mm/無線藍牙4.2', 'USB充電', '33小時', '無防水', '環境感知/快速充電\n/麥克風', '2020-05-04 23:14:00', '2020-05-04 23:14:00'),
(91, 'D8000', 'f1.png', 8, 'Final', '1', 120000, 85, 44, 5, 0, '輕量&小型化仍具備強而有力音效', '523公克', '動圈式', '05 – 60,000 Hz', '98dB/mW', '3.5 mm', '無', '無', '無防水', 'AFDS場極式平面單元', '2020-05-04 23:14:00', '2020-05-04 23:14:00'),
(92, 'D8000 Pro Edition', 'f2.png', 9, 'Final', '1', 130000, 85, 44, 5, 0, '輕量&小型化仍具備強而有力音效', '523公克', '動圈式', '05 – 60,000 Hz', '98dB/mW', '3.5 mm', '無', '無', '無防水', 'AFDS場極式平面單元', '2020-05-04 23:14:00', '2020-05-04 23:14:00'),
(93, 'SONOROUS II', 'f3.png', 8, 'Final', '1', 7350, 85, 44, 5, 0, '輕量&小型化仍具備強而有力音效', '410公克', '動圈式', '05 - 30000 Hz', '105dB/mW', '3.5 mm', '無', '無', '無防水', '50mmΦ dynamic', '2020-05-04 23:14:00', '2020-05-04 23:14:00'),
(94, 'SONOROUS III', 'f4.png', 8, 'Final', '1', 13000, 85, 44, 5, 0, '最適合上街使用的單邊出線風格 可體驗通話與操作樂趣的智慧型手機支援機種', '410公克', '動圈式', '05 – 60,000 Hz', '105dB/mW', '3.5 mm', '無', '無', '無防水', '50mmΦ dynamic', '2020-05-04 23:14:00', '2020-05-04 23:14:00'),
(95, 'SONOROUS IV', 'f5.png', 8, 'Final', '1', 16000, 85, 44, 5, 0, '最適合上街使用的單邊出線風格 可體驗通話與操作樂趣的智慧型手機支援機種', '410公克', '動圈式', '03 – 40,000 Hz', '105dB/mW', '3.5 mm', '無', '無', '無防水', '50mmΦ dynamic + balanced armature\n', '2020-05-04 23:14:00', '2020-05-04 23:14:00'),
(96, 'SONOROUS VI', 'f6.png', 8, 'Final', '1', 20000, 85, 44, 5, 0, '高解析音質播放，忠實重現原音', '270公克', '動圈式', '05 – 60,000 Hz', '105dB/mW', '3.5 mm', '無', '無', '無防水', '50mmΦ dynamic', '2020-05-04 23:14:00', '2020-05-04 23:14:00'),
(97, 'SONOROUS VIII', 'f7.png', 3, 'Final', '1', 58000, 85, 44, 5, 0, '高解析音質播放，忠實重現原音', '270公克', '動圈式', '05 – 60,000 Hz', '105dB/mW', '3.5 mm', '無', '無', '無防水', '50mmΦ dynamic', '2020-05-04 23:14:00', '2020-05-04 23:14:00'),
(98, 'SONOROUS X', 'f8.png', 3, 'Final', '1', 128000, 85, 44, 5, 0, '播放鮮明聲響的高音質表現', '630公克', '動圈式', '05 – 60,000 Hz', '105dB/mW', '3.5 mm', '無', '無', '無防水', '50mmΦ dynamic', '2020-05-04 23:14:00', '2020-05-04 23:14:00'),
(99, 'A8000', 'f9.png', 9, 'Final', '2', 5900, 5, 44, 5, 0, '播放鮮明聲響的高音質表現', '41公克', '動圈式', '03 – 40,000 Hz', '102dB/mW', '3.5 mm', '無', '無', '無防水', 'OFC高純度無氧鍍銀線材', '2020-05-04 23:14:00', '2020-07-06 01:07:07'),
(100, 'E1000C', 'f10.png', 8, 'Final', '2', 900, 75, 44, 5, 0, '播放鮮明聲響的高音質表現', '15公克', '動圈式', '4 – 40,000 Hz', '102dB/mW', '3.5 mm', '無', '無', '無防水', '6.4mmΦ動圈驅動單元', '2020-05-04 23:14:00', '2020-05-04 23:14:00'),
(101, 'E2000C', 'f11.png', 8, 'Final', '2', 1500, 75, 44, 5, 0, '播放鮮明聲響的高音質表現', '13公克', '動圈式', '5 – 40,000 Hz', '102dB/mW', '3.5 mm', '無', '無', '無防水', '6.4mmΦ動圈驅動單元', '2020-05-04 23:14:00', '2020-05-04 23:14:00'),
(102, 'E3000C', 'f12.png', 9, 'Final', '2', 1800, 75, 44, 5, 0, '輕量&小型化仍具備強而有力音效', '15公克', '動圈式', '6 – 40,000 Hz', '100dB/mW', '3.5 mm', '無', '無', '無防水', '6.4mmΦ動圈驅動單元', '2020-05-04 23:14:00', '2020-05-04 23:14:00'),
(103, 'E4000', 'f13.png', 8, 'Final', '2', 3950, 75, 44, 5, 0, '輕量&小型化仍具備強而有力音效', '18公克', '動圈式', '7 – 40,000 Hz', '97dB/mW', '3.5 mm', '無', '無', '無防水', '6.4mmΦ動圈驅動單元', '2020-05-04 23:14:00', '2020-05-04 23:14:00'),
(104, 'F4100', 'f14.png', 8, 'Final', '2', 8900, 75, 44, 5, 0, '輕量&小型化仍具備強而有力音效', '12公克', '動鐵式', '8 – 40,000 Hz', '106dB/mW', '3.5 mm', '無', '無', '無防水', '6.4mmΦ動圈驅動單元', '2020-05-04 23:14:00', '2020-05-04 23:14:00'),
(105, 'F7200', 'f15.png', 9, 'Final', '2', 15000, 75, 44, 5, 0, '輕量&小型化仍具備強而有力音效', '23公克', '動鐵式', '9 – 40,000 Hz', '106dB/mW', '3.5 mm', '無', '無', '無防水', '6.4mmΦ動圈驅動單元', '2020-05-04 23:14:00', '2020-05-04 23:14:00'),
(106, 'sr125e', 'g1.png', 8, 'Grado', '1', 8900, 75, 50, 5, 0, '播放鮮明聲響的高音質表現', '385公克', '動鐵式', '20 - 20,000 hz', '99.8 dB/mw', '3.5 mm', '無', '無', '無防水', '6.5mmΦ動圈驅動單元', '2020-05-05 23:14:00', '2020-05-05 23:14:00'),
(107, 'SR60e', 'g2.png', 8, 'Grado', '1', 7490, 75, 50, 5, 0, '播放鮮明聲響的高音質表現', '386公克', '動鐵式', '21 - 20,000 hz', '99.8 dB/mw', '3.5 mm', '無', '無', '無防水', '6.6mmΦ動圈驅動單元', '2020-05-06 23:14:00', '2020-05-06 23:14:00'),
(108, 'SR80e', 'g3.png', 8, 'Grado', '1', 8900, 75, 50, 5, 0, '播放鮮明聲響的高音質表現', '387公克', '動鐵式', '22 - 20,000 hz', '99.8 dB/mw', '3.5 mm', '無', '無', '無防水', '6.7mmΦ動圈驅動單元', '2020-05-07 23:14:00', '2020-05-07 23:14:00'),
(109, 'gs3000e', 'g4.png', 8, 'Grado', '1', 8900, 75, 50, 5, 0, '播放鮮明聲響的高音質表現', '388公克', '動鐵式', '20 - 20,000 hz', '102dB/mW', '3.5 mm', '無', '無', '無防水', '6.8mmΦ動圈驅動單元', '2020-05-08 23:14:00', '2020-05-08 23:14:00'),
(110, 'gs2000e', 'g5.png', 8, 'Grado', '1', 15000, 75, 50, 5, 0, '輕量&小型化仍具備強而有力音效', '389公克', '動鐵式', '20 - 20,000 hz', '102dB/mW', '3.5 mm', '無', '無', '無防水', '6.9mmΦ動圈驅動單元', '2020-05-09 23:14:00', '2020-05-09 23:14:00'),
(111, 'gs1000e', 'g6.png', 8, 'Grado', '1', 15000, 75, 50, 5, 0, '輕量&小型化仍具備強而有力音效', '390公克', '動鐵式', '20 - 20,000 hz', '102dB/mW', '3.5 mm', '無', '無', '無防水', '6.10mmΦ動圈驅動單元', '2020-05-10 23:14:00', '2020-05-10 23:14:00'),
(112, 'ps500e', 'g7.png', 8, 'Grado', '1', 15000, 75, 50, 5, 0, '輕量&小型化仍具備強而有力音效', '391公克', '動鐵式', '14 - 28,000 hz', '105dB/mW', '3.5 mm', '無', '無', '無防水', '6.11mmΦ動圈驅動單元', '2020-05-11 23:14:00', '2020-05-11 23:14:00'),
(113, 'ps1000e', 'g8.png', 8, 'Grado', '1', 8900, 75, 50, 5, 0, '輕量&小型化仍具備強而有力音效', '392公克', '動鐵式', '14 - 28,000 hz', '105dB/mW', '3.5 mm', '無', '無', '無防水', '6.12mmΦ動圈驅動單元', '2020-05-12 23:14:00', '2020-05-12 23:14:00'),
(114, 'ps2000e', 'g9.png', 8, 'Grado', '1', 7490, 75, 50, 5, 0, '輕量&小型化仍具備強而有力音效', '393公克', '動鐵式', '14 - 28,000 hz', '105dB/mW', '3.5 mm', '無', '無', '無防水', '6.13mmΦ動圈驅動單元', '2020-05-13 23:14:00', '2020-05-13 23:14:00'),
(115, 'gw100', 'g10.png', 8, 'Grado', '1', 8900, 75, 50, 5, 0, '輕量&小型化仍具備強而有力音效', '394公克', '動鐵式', '14 - 28,000 hz', '105dB/mW', '3.5 mm', '無', '無', '無防水', '6.14mmΦ動圈驅動單元', '2020-05-14 23:14:00', '2020-05-14 23:14:00'),
(192, 'Beoplay H4 2nd Gen', '1594356466207-ATH-M50x_1.png', 1, 'BangOlufsen', '1', 5600, 75, 0, 5, 115, '防水性極高，是一個適合外出旅遊的好伴侶', '300公克', '密閉式動圈型', '03 – 40,000 Hz', '102dB/mW', '3.5 mm', '充電式', '20 小時', '防水', '高解析音質播放，忠實重現原音', '2020-07-10 12:48:15', '2020-07-10 12:48:15');

-- --------------------------------------------------------

--
-- 資料表結構 `items_color`
--

CREATE TABLE `items_color` (
  `coid` tinyint(20) NOT NULL COMMENT '顏色號碼',
  `colorname` varchar(20) COLLATE utf8mb4_unicode_ci NOT NULL COMMENT '顏色名字',
  `colorunicode` varchar(20) COLLATE utf8mb4_unicode_ci NOT NULL COMMENT '顏色代碼'
) ENGINE=InnoDB DEFAULT CHARSET=utf8mb4 COLLATE=utf8mb4_unicode_ci COMMENT='顏色區分表';

--
-- 傾印資料表的資料 `items_color`
--

INSERT INTO `items_color` (`coid`, `colorname`, `colorunicode`) VALUES
(1, '真朱红', '#AB3B3A'),
(2, '黄丹橘', '#F05E1C'),
(3, '花葉黃', '#FFC408'),
(4, '青丹綠', '#516E41'),
(5, '千草藍', '#255359'),
(6, '桔梗紫', '#6A4C9C'),
(7, '胡粉白', '#BDC0BA'),
(8, '碳呂黑', '#0C0C0C'),
(9, '單純白', '#fff');

-- --------------------------------------------------------

--
-- 資料表結構 `items_type`
--

CREATE TABLE `items_type` (
  `typeid` tinyint(10) NOT NULL COMMENT '類型編號',
  `typename` varchar(30) COLLATE utf8mb4_unicode_ci NOT NULL COMMENT '類型名稱'
) ENGINE=InnoDB DEFAULT CHARSET=utf8mb4 COLLATE=utf8mb4_unicode_ci COMMENT='類型表';

--
-- 傾印資料表的資料 `items_type`
--

INSERT INTO `items_type` (`typeid`, `typename`) VALUES
(1, '耳戴式'),
(2, '頭戴式'),
(3, '有線入耳式'),
(4, '無線入耳式'),
(5, '有線耳道式'),
(6, '無線耳道式'),
(7, '有線耳塞式'),
(8, '無線耳塞式'),
(9, '有線耳掛式'),
(10, '無線耳掛式');

-- --------------------------------------------------------

--
-- 資料表結構 `manager`
--

CREATE TABLE `manager` (
  `mid` int(11) NOT NULL COMMENT '流水號',
  `managername` varchar(50) COLLATE utf8mb4_unicode_ci NOT NULL COMMENT '管理者名稱',
  `pwd` char(40) COLLATE utf8mb4_unicode_ci NOT NULL COMMENT '管理者密碼',
  `name` varchar(50) COLLATE utf8mb4_unicode_ci DEFAULT NULL COMMENT '姓名',
  `managericon` varchar(30) COLLATE utf8mb4_unicode_ci NOT NULL COMMENT '管理者頭像',
  `created_at` datetime NOT NULL DEFAULT current_timestamp() COMMENT '新增時間',
  `updated_at` datetime NOT NULL DEFAULT current_timestamp() ON UPDATE current_timestamp() COMMENT '更新時間'
) ENGINE=InnoDB DEFAULT CHARSET=utf8mb4 COLLATE=utf8mb4_unicode_ci COMMENT='使用者資料表';

--
-- 傾印資料表的資料 `manager`
--

INSERT INTO `manager` (`mid`, `managername`, `pwd`, `name`, `managericon`, `created_at`, `updated_at`) VALUES
(1, 'otis', 'bf92921799879f0614f259d5dd2ee97f403939db', 'otis_test', '', '2020-04-24 11:05:38', '2020-04-24 11:06:20');

-- --------------------------------------------------------

--
-- 資料表結構 `marketing`
--

CREATE TABLE `marketing` (
  `acId` int(3) NOT NULL COMMENT '活動ID',
  `acName` varchar(50) CHARACTER SET utf8mb4 COLLATE utf8mb4_unicode_ci NOT NULL COMMENT '活動名稱',
  `acDescription` varchar(200) CHARACTER SET utf8mb4 COLLATE utf8mb4_unicode_ci NOT NULL COMMENT '活動文案',
  `acImg` varchar(100) CHARACTER SET utf8mb4 COLLATE utf8mb4_unicode_ci DEFAULT NULL COMMENT '活動圖片',
  `strId` int(4) NOT NULL COMMENT '賣場編號',
  `newTime` datetime NOT NULL DEFAULT current_timestamp() COMMENT '新增時間',
  `updTime` datetime NOT NULL DEFAULT current_timestamp() ON UPDATE current_timestamp() COMMENT '更新時間'
) ENGINE=InnoDB DEFAULT CHARSET=utf8mb4;

--
-- 傾印資料表的資料 `marketing`
--

INSERT INTO `marketing` (`acId`, `acName`, `acDescription`, `acImg`, `strId`, `newTime`, `updTime`) VALUES
(1, '【噓🤫該搖滾了！】Marshall - Monitor II A.N.C. 藍牙無線抗噪耳罩式耳機', 'Marshall帶領著搖滾最前端，這次Monitor II A.N.C. 不僅要讓你High，也要你安靜中享受搖滾～～ ', '20200505114323.jpg', 1, '2020-05-05 17:43:23', '2020-05-05 17:52:43'),
(2, '【NEW!!】Shure AONIC 3 / 4 / 5 入耳式耳機', '按照Shure傳統，上次更新是好幾年前了～  現在更新後就出了高級蛋糕盒（誤  AONIC 3 一單體(小編大推，聲音讚讚！) AONIC 4 混圈鐵(自家首次設計，獨特調音) AONIC 5 三單體+846可換調音管設計(黑/透/紅 三色可選)', '20200505114810.jpg', 4, '2020-05-05 17:48:10', '2020-05-05 17:53:09'),
(3, '【超美der~】Noble - Falcon (White) 新上市！', '一直廣受好評的Noble - Falcon  這次新顏色\"白色\"一點也不無聊，配上玫瑰金色的面板，整個就是超好看der~  母親節就快到了，心意就靠你/妳啦！', '20200505115032.jpg', 3, '2020-05-05 17:50:32', '2020-05-05 17:53:14'),
(4, '【方便攜帶】Sennheiser HD350BT / HD450BT(支援ANC)', '繼前一代的HD4.40BT及HD4.50BT 新版採用藍牙5.0(這是一定要的)  聲音提升，動態低頻更好 厚耳墊配戴包覆感不錯，舒適耐用 續航力也可達到30小時，相當夠用', '20200505115217.jpg', 5, '2020-05-05 17:52:17', '2020-05-05 23:57:08'),
(5, '【再度到貨】SHOZY FORM 1.1 人聲甜 圈鐵混合入耳式耳機', '從過年後缺貨到現在，終於到貨啦！！  FORM 1.1是支人聲溫潤柔順，細膩而，不論是你想聽的抒情、吉他聲都相當漂亮抓耳！', '20200505115451.jpg', 2, '2020-05-05 17:54:51', '2020-05-05 17:59:46'),
(6, '【入門抗噪】Sony WH-CH710N 抗噪藍芽耳罩耳機', '繼前一代CH700N的好評，CH710N提升不少環節  -- Type-C接孔充電，支援快充10分鐘可使用兩小時 -- 雙重雜訊感應器技術的降噪功能，抗噪效果提升 -- 重量更輕巧，方便外出繫帶使用 -- 柔軟的橢圓形耳墊，長時間配戴也可以 -- 低頻更飽滿，比起前一代量感提升', '20200505115632.jpg', 2, '2020-05-05 17:55:44', '2020-05-05 17:59:53'),
(7, '【NEW！】德國品牌 McGee Ear Play 午夜藍 真無線藍牙耳機', '介於黑、藍之間的色彩「午夜藍」，低調奢華的顏色 在入門款價位帶來說，外觀上可是相當有吸引力的  耳機體積小巧，可應付大多耳朵較小的人配戴 耳機有磁吸充電，並且支援快充15分鐘即可使用2小時  晶片使用高通QCC3020，藍牙5.0又支持AAC、aptX 連接方式：TWS、TWS Plus(僅在高通845平臺開通下支持)  配件多元 有附贈兩種形式的耳塞個三對不同尺寸、收納袋以及充電線，可說相當超值', '20200505115809.jpg', 3, '2020-05-05 17:58:09', '2020-05-05 17:59:57'),
(8, '【買就送】凡購買Westone任一耳機產品，就再送一支耳機！', '老闆從倉庫挖出一批贈品 即日起，買Westone任一耳機型號，就可以自己挑選一支贈品喔！', '20200505115933.jpg', 4, '2020-05-05 17:59:33', '2020-05-05 18:00:03'),
(9, '【下雨也能Hold住】Jabra Elite Active 75t 藍牙真無線耳機', '即使是下雨天也無法停止你對運動的熱情嗎？ 同時又要享受著音樂的話，Jabra Elite Active 75t是你的首選！  耳機外殼採用雲母漆塗料，防水等級達到IP57，耳機滿電的下可以連續使用約7.5小時 搭載HearThrough模式(環境音模式)，不需要取下耳機也能聽得到外面的聲音  不論是路跑、戶外運動或通勤商務人士等都適用  目前海軍藍率先在台上市，之後薄荷綠、鈦黑、銅黑、深灰、磚', '20200505120125.jpg', 1, '2020-05-05 18:01:25', '2020-05-05 18:02:42'),
(10, '【極光藍】TIPSY - BLUE AURORA 單動鐵入耳式耳機', '單動鐵要有像動圈的低頻並不容易  BLUE AURURO就是只有一顆動鐵單體，但是能達到扎實的低頻以及整體平衡音樂性，是支入門相當雜食走向的耳機 再加上漂亮的藍色面板以及高純度無氧銅2Pin可換線式耳機線，實在值得！', '20200505120231.jpg', 5, '2020-05-05 18:02:31', '2020-05-05 23:57:18');

-- --------------------------------------------------------

--
-- 資料表結構 `multiple_images`
--

CREATE TABLE `multiple_images` (
  `multipleImageId` int(11) NOT NULL COMMENT '流水號',
  `itemId` int(11) NOT NULL COMMENT '商品編號',
  `multiple_Image` varchar(100) COLLATE utf8mb4_unicode_ci NOT NULL COMMENT '圖片名稱',
  `multiple_Image01` varchar(100) COLLATE utf8mb4_unicode_ci NOT NULL COMMENT '副圖1',
  `multiple_Image02` varchar(100) COLLATE utf8mb4_unicode_ci NOT NULL COMMENT '副圖2',
  `multiple_Image03` varchar(100) COLLATE utf8mb4_unicode_ci NOT NULL COMMENT '副圖3',
  `multiple_Image04` varchar(100) COLLATE utf8mb4_unicode_ci NOT NULL COMMENT '副圖4',
  `created_at` datetime NOT NULL DEFAULT current_timestamp() COMMENT '新增時間',
  `updated_at` datetime NOT NULL DEFAULT current_timestamp() COMMENT '更新時間'
) ENGINE=InnoDB DEFAULT CHARSET=utf8mb4 COLLATE=utf8mb4_unicode_ci COMMENT='商品圖片';

--
-- 傾印資料表的資料 `multiple_images`
--

INSERT INTO `multiple_images` (`multipleImageId`, `itemId`, `multiple_Image`, `multiple_Image01`, `multiple_Image02`, `multiple_Image03`, `multiple_Image04`, `created_at`, `updated_at`) VALUES
(1, 1, 'B1.png', 'B1_1.png', 'B1_2.png', 'B1_3.png', 'B1_4.png', '2020-05-05 17:43:00', '2020-05-05 17:43:00'),
(2, 2, 'B2.png', 'B2_1.png', 'B2_2.png', 'B2_3.png', 'B2_4.png', '2020-05-05 17:43:00', '2020-05-05 17:43:00'),
(3, 3, 'B3.png', 'B3_1.png', 'B3_2.png', 'B3_3.png', 'B3_4.png', '2020-05-05 17:43:00', '2020-05-05 17:43:00'),
(4, 4, 'B4.png', 'B4_1.png', 'B4_2.png', 'B4_3.png', 'B4_4.png', '2020-05-05 17:43:00', '2020-05-05 17:43:00'),
(5, 5, 'B5.png', 'B5_1.png', 'B5_2.png', 'B5_3.png', 'B5_4.png', '2020-05-05 17:43:00', '2020-05-05 17:43:00'),
(6, 6, 'B6.png', 'B6_1.png', 'B6_2.png', 'B6_3.png', 'B6_4.png', '2020-05-05 17:43:00', '2020-05-05 17:43:00'),
(7, 7, 'B7.png', 'B7_1.png', 'B7_2.png', 'B7_3.png', 'B7_4.png', '2020-05-05 17:43:00', '2020-05-05 17:43:00'),
(8, 8, 'B8.png', 'B8_1.png', 'B8_2.png', 'B8_3.png', 'B8_4.png', '2020-05-05 17:43:00', '2020-05-05 17:43:00'),
(9, 9, 'B9.png', 'B9_1.png', 'B9_2.png', 'B9_3.png', '', '2020-05-05 17:43:00', '2020-05-05 17:43:00'),
(10, 10, 'sh1.png', 'sh1_1.png', 'sh1_2.png', 'sh1_3.png', '', '2020-05-05 17:43:00', '2020-05-05 17:43:00'),
(11, 11, 'sh2.png', 'sh2_1.png', 'sh2_2.png', 'sh2_3.png', 'sh2_4.png', '2020-05-05 17:43:00', '2020-05-05 17:43:00'),
(12, 12, 'sh7_1.png', 'sh7_2.png', 'sh7_3.png', 'sh7.png', '', '2020-05-05 17:43:00', '2020-05-05 17:43:00'),
(13, 13, 'sh4.png', 'sh4_1.png', 'sh4_2.png', '', '', '2020-05-05 17:43:00', '2020-05-05 17:43:00'),
(14, 14, 'sh5.png', 'sh5_1.png', 'sh5_2.png', '', '', '2020-05-05 17:43:00', '2020-05-05 17:43:00'),
(15, 15, 'sh6.png', 'sh6_1.png', 'sh6_2.png', 'sh6_3.png', '', '2020-05-05 17:43:00', '2020-05-05 17:43:00'),
(16, 16, 'sh7.png', 'sh7_1.png', 'sh7_2.png', 'sh7_3.png', '', '2020-05-05 17:43:00', '2020-05-05 17:43:00'),
(17, 17, 'sh8.png', 'sh8_1.png', 'sh8_2.png', 'sh8_3.png', 'sh8_4.png', '2020-05-05 17:43:00', '2020-05-05 17:43:00'),
(18, 18, 'B9.png', 'B9_1.png', 'B9_2.png', 'sh9_3.png', 'sh9_4.png', '2020-05-05 17:43:00', '2020-05-05 17:43:00'),
(19, 19, 'sh10.png', 'sh10_1.png', 'sh10_2.png', 'sh10_3.png', 'sh10_4.png', '2020-05-05 17:43:00', '2020-05-05 17:43:00'),
(20, 20, 'sh9.png', 'sh9_1.png', 'sh9_2.png', 'sh9_3.png', '', '2020-05-05 17:43:00', '2020-05-05 17:43:00'),
(21, 21, 'sh12.png', 'sh12_1.png', 'sh12_2.png', 'sh12_3.png', '', '2020-05-05 17:43:00', '2020-05-05 17:43:00'),
(22, 22, 'sh13.png', 'sh13_1.png', 'sh13_2.png', 'sh13_3.png', '', '2020-05-05 17:43:00', '2020-05-05 17:43:00'),
(23, 23, 'sh14.png', 'sh14_1.png', 'sh14_2.png', 'sh14_3.png', 'sh14_4.png', '2020-05-05 17:43:00', '2020-05-05 17:43:00'),
(24, 24, 'sh15.png', 'sh15_1.png', 'sh15_2.png', 'sh15_3.png', 'sh15_4.png', '2020-05-05 17:43:00', '2020-05-05 17:43:00'),
(25, 25, 'sh16.png', 'sh16_1.png', 'sh16_2.png', 'sh16_3.png', '', '2020-05-05 17:43:00', '2020-05-05 17:43:00'),
(26, 26, 'sh17.png', 'sh17_1.png', 'sh17_2.png', 'sh17_3.png', '', '2020-05-05 17:43:00', '2020-05-05 17:43:00'),
(27, 27, 'sh8.png', 'sh8_1.png', 'sh8_2.png', 'sh8_3.png', 'sh8_4.png', '2020-05-05 17:43:00', '2020-05-05 17:43:00'),
(28, 28, 'g8.png', 'g8_1.png', 'g8_2.png', 'g8_3.png', 'g8_4.png', '2020-05-05 17:43:00', '2020-05-05 17:43:00'),
(29, 29, 'g8.png', 'g8_1.png', 'g8_2.png', 'g8_3.png', 'g8_4.png', '2020-05-05 17:43:00', '2020-05-05 17:43:00'),
(30, 30, 'sh8.png', 'sh8_1.png', 'sh8_2.png', 'sh8_3.png', 'sh8_4.png', '2020-05-05 17:43:00', '2020-05-05 17:43:00'),
(31, 31, 'B7.png', 'B7_1.png', 'B7_2.png', 'B7_3.png', 'B7_4.png', '2020-05-05 17:43:00', '2020-05-05 17:43:00'),
(32, 32, 'B7.png', 'B7_1.png', 'B7_2.png', 'B7_3.png', 'B7_4.png', '2020-05-05 17:43:00', '2020-05-05 17:43:00'),
(33, 33, 'B7.png', 'B7_1.png', 'B7_2.png', 'B7_3.png', 'B7_4.png', '2020-05-05 17:43:00', '2020-05-05 17:43:00'),
(34, 34, 'B7.png', 'B7_1.png', 'B7_2.png', 'B7_3.png', 'B7_4.png', '2020-05-05 17:43:00', '2020-05-05 17:43:00'),
(35, 35, 'B7.png', 'B7_1.png', 'B7_2.png', 'B7_3.png', 'B7_4.png', '2020-05-05 17:43:00', '2020-05-05 17:43:00'),
(36, 36, 'B7.png', 'B7_1.png', 'B7_2.png', 'B7_3.png', 'B7_4.png', '2020-05-05 17:43:00', '2020-05-05 17:43:00'),
(37, 37, 'B8.png', 'B8_1.png', 'B8_2.png', 'B8_3.png', 'B8_4.png', '2020-05-05 17:43:00', '2020-05-05 17:43:00'),
(38, 38, 'B8.png', 'B8_1.png', 'B8_2.png', 'B8_3.png', 'B8_4.png', '2020-05-05 17:43:00', '2020-05-05 17:43:00'),
(39, 39, 'B8.png', 'B8_1.png', 'B8_2.png', 'B8_3.png', 'B8_4.png', '2020-05-05 17:43:00', '2020-05-05 17:43:00'),
(40, 40, 'sn14.png', 'sn14_1.png', 'sn14_2.png', 'sn14_3.png', 'sn14_4.png', '2020-05-05 17:43:00', '2020-05-05 17:43:00'),
(41, 41, 'sn15.png', 'sn15_1.png', 'sn15_2.png', 'sn15_3.png', 'sn15_4.png', '2020-05-05 17:43:00', '2020-05-05 17:43:00'),
(42, 42, 'sn16.png', 'sn16_1.png', 'sn16_2.png', 'sn16_3.png', 'sn16_4.png', '2020-05-05 17:43:00', '2020-05-05 17:43:00'),
(43, 43, 'akg5.png', 'akg5_1.png', 'akg5_2.png', 'akg5_3.png', 'akg5_4.png', '2020-05-05 17:43:00', '2020-05-05 17:43:00'),
(44, 44, 'akg5.png', 'akg5_1.png', 'akg5_2.png', 'akg5_3.png', 'akg5_4.png', '2020-05-05 17:43:00', '2020-05-05 17:43:00'),
(45, 45, 'akg5.png', 'akg5_1.png', 'akg5_2.png', 'akg5_3.png', 'akg5_4.png', '2020-05-05 17:43:00', '2020-05-05 17:43:00'),
(46, 46, 'se1.png', 'se1_1.png', 'se_2.png', '', '', '2020-05-05 17:43:00', '2020-05-05 17:43:00'),
(47, 47, 'se2.png', 'se2_1.png', '', '', '', '2020-05-05 17:43:00', '2020-05-05 17:43:00'),
(48, 48, 'se3.png', 'se3_1.png', 'se3_2.png', 'se3_3.png', '', '2020-05-05 17:43:00', '2020-05-05 17:43:00'),
(49, 49, 'se4.png', 'se4_1.png', 'se4_2.png', 'se4_3.png', 'se4_4.png', '2020-05-05 17:43:00', '2020-05-05 17:43:00'),
(50, 50, 'se5.png', 'se5_1.png', 'se5_2.png', 'se5_3.png', 'se5_4.png', '2020-05-05 17:43:00', '2020-05-05 17:43:00'),
(51, 51, 'se6.png', 'se6_1.png', 'se6_2.png', '', '', '2020-05-05 17:43:00', '2020-05-05 17:43:00'),
(52, 52, 'se7.png', 'se7_1.png', 'se7_2.png', 'se7_3.png', 'se7_4.png', '2020-05-05 17:43:00', '2020-05-05 17:43:00'),
(53, 53, 'se8.png', 'se8_1.png', 'se8_2.png', 'se8_3.png', 'se8_4.png', '2020-05-05 17:43:00', '2020-05-05 17:43:00'),
(54, 54, 'se9.png', 'se9_1.png', 'se9_2.png', 'se9_3.png', '', '2020-05-05 17:43:00', '2020-05-05 17:43:00'),
(55, 55, 'ath1.png', 'ath1_1.png', 'ath1_2.png', 'ath1_3.png', '', '2020-05-05 17:43:00', '2020-05-05 17:43:00'),
(56, 56, 'ath1.png', 'ath1_1.png', 'ath1_2.png', 'ath1_3.png', '', '2020-05-05 17:43:00', '2020-05-05 17:43:00'),
(57, 57, 'ath1.png', 'ath1_1.png', 'ath1_2.png', 'ath1_3.png', '', '2020-05-05 17:43:00', '2020-05-05 17:43:00'),
(58, 58, 'ath1.png', 'ath1_1.png', 'ath1_2.png', 'ath1_3.png', '', '2020-05-05 17:43:00', '2020-05-05 17:43:00'),
(59, 59, 'ath1.png', 'ath1_1.png', 'ath1_2.png', 'ath1_3.png', '', '2020-05-05 17:43:00', '2020-05-05 17:43:00'),
(60, 60, 'ath1.png', 'ath1_1.png', 'ath1_2.png', 'ath1_3.png', '', '2020-05-05 17:43:00', '2020-05-05 17:43:00'),
(61, 61, 'ath1.png', 'ath1_1.png', 'ath1_2.png', 'ath1_3.png', '', '2020-05-05 17:43:00', '2020-05-05 17:43:00'),
(62, 62, 'ath2.png', 'ath2_1.png', 'ath2_2.png', 'ath2_3.png', '', '2020-05-05 17:43:00', '2020-05-05 17:43:00'),
(63, 63, 'ath3.png', 'ath3_1.png', 'ath3_2.png', 'ath3_3.png', '', '2020-05-05 17:43:00', '2020-05-05 17:43:00'),
(64, 64, 'ath4.png', 'ath4_1.png', 'ath4_2.png', 'ath4_3.png', '', '2020-05-05 17:43:00', '2020-05-05 17:43:00'),
(65, 65, 'ath5.png', 'ath5_1.png', 'ath5_2.png', 'ath5_3.png', 'ath5_4.png', '2020-05-05 17:43:00', '2020-05-05 17:43:00'),
(66, 66, 'ath6.png', 'ath6_1.png', 'ath6_2.png', 'ath6_3.png', 'ath6_4.png', '2020-05-05 17:43:00', '2020-05-05 17:43:00'),
(67, 67, 'ath7.png', 'ath7_1.png', 'ath7_2.png', 'ath7_3.png', 'ath7_4.png', '2020-05-05 17:43:00', '2020-05-05 17:43:00'),
(68, 68, 'ath8.png', 'ath8_1.png', 'ath8_2.png', 'ath8_3.png', 'ath8_4.png', '2020-05-05 17:43:00', '2020-05-05 17:43:00'),
(69, 69, 'ath9.png', 'ath9_1.png', 'ath9_2.png', '', '', '2020-05-05 17:43:00', '2020-05-05 17:43:00'),
(70, 70, 'ath10.png', 'ath10_1.png', 'ath10_2.png', '', '', '2020-05-05 17:43:00', '2020-05-05 17:43:00'),
(71, 71, 'ath11.png', 'ath11_1.png', 'ath11_2.png', '', '', '2020-05-05 17:43:00', '2020-05-05 17:43:00'),
(72, 72, 'ath12.png', 'ath12_1.png', 'ath12_2.png', 'ath12_3.png', '', '2020-05-05 17:43:00', '2020-05-05 17:43:00'),
(73, 73, 'ath13.png', 'ath13_1.png', 'ath13_2.png', '', '', '2020-05-05 17:43:00', '2020-05-05 17:43:00'),
(74, 74, 'ath14.png', 'ath14_1.png', 'ath14_2.png', 'ath14_3.png', 'ath14_4.png', '2020-05-05 17:43:00', '2020-05-05 17:43:00'),
(75, 75, 'ath15.png', 'ath15_1.png', 'ath15_2.png', 'ath15_3.png', 'ath15_4.png', '2020-05-05 17:43:00', '2020-05-05 17:43:00'),
(76, 76, 'sh4_1.png', 'sh4_2.png', 'sh4.png', '', '', '2020-05-05 17:43:00', '2020-05-05 17:43:00'),
(77, 77, 'g2.png', 'g2_1.png', 'g2_2.png', 'g2_3.png', '', '2020-05-05 17:43:00', '2020-05-05 17:43:00'),
(78, 78, 'akg3.png', 'akg3_1.png', 'akg3_2.png', 'akg3_3.png', 'akg3_4.png', '2020-05-05 17:43:00', '2020-05-05 17:43:00'),
(79, 79, 'akg4.png', 'akg4_1.png', 'akg4_2.png', 'akg4_3.png', '', '2020-05-05 17:43:00', '2020-05-05 17:43:00'),
(80, 80, 'akg5.png', 'akg5_1.png', 'akg5_2.png', 'akg5_3.png', 'akg5_4.png', '2020-05-05 17:43:00', '2020-05-05 17:43:00'),
(81, 81, 'akg6.png', 'akg6_1.png', 'akg6_2.png', 'akg6_3.png', 'akg6_4.png', '2020-05-05 17:43:00', '2020-05-05 17:43:00'),
(82, 82, 'g4.png', 'g4_1.png', 'g4_2.png', 'g4_3.png', '', '2020-05-05 17:43:00', '2020-05-05 17:43:00'),
(83, 83, 'akg8.png', 'akg8_1.png', 'akg8_2.png', 'akg8_3.png', 'akg8_4.png', '2020-05-05 17:43:00', '2020-05-05 17:43:00'),
(84, 84, 'akg9.png', 'akg9_1.png', 'akg9_2.png', '', '', '2020-05-05 17:43:00', '2020-05-05 17:43:00'),
(85, 85, 'akg10.png', 'akg10_1.png', 'akg10_2.png', '', '', '2020-05-05 17:43:00', '2020-05-05 17:43:00'),
(86, 86, 'akg11.png', 'akg11_1.png', 'akg11_2.png', 'akg11_3.png', '', '2020-05-05 17:43:00', '2020-05-05 17:43:00'),
(87, 87, 'akg12.png', 'akg12_1.png', 'akg12_2.png', 'akg12_3.png', 'akg12_4.png', '2020-05-05 17:43:00', '2020-05-05 17:43:00'),
(88, 88, 'akg13.png', 'akg13_1.png', 'akg13_2.png', 'akg13_3.png', 'akg13_4.png', '2020-05-05 17:43:00', '2020-05-05 17:43:00'),
(89, 89, 'akg14.png', 'akg14_1.png', 'akg14_2.png', 'akg14_3.png', 'akg14_4.png', '2020-05-05 17:43:00', '2020-05-05 17:43:00'),
(90, 90, 'akg15.png', 'akg15_1.png', 'akg15_2.png', 'akg15_3.png', 'akg15_4.png', '2020-05-05 17:43:00', '2020-05-05 17:43:00'),
(91, 91, 'f1.png', 'f1_1.png', 'f1_2.png', 'f1_3.png', 'f1_4.png', '2020-05-05 17:43:00', '2020-05-05 17:43:00'),
(92, 92, 'f2.png', 'f2_1.png', 'f2_2.png', 'f2_3.png', 'f2_4.png', '2020-05-05 17:43:00', '2020-05-05 17:43:00'),
(93, 93, 'f3.png', 'f3_1.png', 'f3_2.png', 'f3_3.png', 'f3_4.png', '2020-05-05 17:43:00', '2020-05-05 17:43:00'),
(94, 94, 'f4.png', 'f4_1.png', 'f4_2.png', 'f4_3.png', 'f4_4.png', '2020-05-05 17:43:00', '2020-05-05 17:43:00'),
(95, 95, 'f5.png', 'f5_1.png', 'f5_2.png', 'f5_3.png', 'f5_4.png', '2020-05-05 17:43:00', '2020-05-05 17:43:00'),
(96, 96, 'f6.png', 'f6_1.png', 'f6_2.png', 'f6_3.png', 'f6_4.png', '2020-05-05 17:43:00', '2020-05-05 17:43:00'),
(97, 97, 'f7.png', 'f7_1.png', 'f7_2.png', 'f7_3.png', 'f7_4.png', '2020-05-05 17:43:00', '2020-05-05 17:43:00'),
(98, 98, 'f8.png', 'f8_1.png', 'f8_2.png', 'f8_3.png', 'f8_4.png', '2020-05-05 17:43:00', '2020-05-05 17:43:00'),
(99, 99, 'f9.png', 'f9_1.png', 'f9_2.png', 'f9_3.png', 'f9_4.png', '2020-05-05 17:43:00', '2020-05-05 17:43:00'),
(100, 100, 'f10.png', 'f10_1.png', 'f10_2.png', 'f10_3.png', 'f10_4.png', '2020-05-05 17:43:00', '2020-05-05 17:43:00'),
(101, 101, 'f11.png', 'f11_1.png', 'f11_2.png', 'f11_3.png', 'f11_4.png', '2020-05-05 17:43:00', '2020-05-05 17:43:00'),
(102, 102, 'f12.png', 'f12_1.png', 'f12_2.png', 'f12_3.png', 'f12_4.png', '2020-05-05 17:43:00', '2020-05-05 17:43:00'),
(103, 103, 'f13.png', 'f13_1.png', 'f13_2.png', 'f13_3.png', 'f13_4.png', '2020-05-05 17:43:00', '2020-05-05 17:43:00'),
(104, 104, 'f14.png', 'f14_1.png', 'f14_2.png', 'f14_3.png', 'f14_4.png', '2020-05-05 17:43:00', '2020-05-05 17:43:00'),
(105, 105, 'f15.png', 'f15_1.png', 'f15_2.png', 'f15_3.png', 'f15_4.png', '2020-05-05 17:43:00', '2020-05-05 17:43:00'),
(106, 106, 'g1.png', 'g1_1.png', 'g1_2.png', 'g1_3.png', 'g1_4.png', '2020-05-06 17:43:00', '2020-05-06 17:43:00'),
(107, 107, 'g2.png', 'g2_1.png', 'g2_2.png', 'g2_3.png', 'g2_4.png', '2020-05-07 17:43:00', '2020-05-07 17:43:00'),
(108, 108, 'g3.png', 'g3_1.png', 'g3_2.png', 'g3_3.png', 'g3_4.png', '2020-05-08 17:43:00', '2020-05-08 17:43:00'),
(109, 109, 'g4.png', 'g4_1.png', 'g4_2.png', 'g4_3.png', 'g4_4.png', '2020-05-09 17:43:00', '2020-05-09 17:43:00'),
(110, 110, 'g5.png', 'g5_1.png', 'g5_2.png', 'g5_3.png', 'g5_4.png', '2020-05-10 17:43:00', '2020-05-10 17:43:00'),
(111, 111, 'g6.png', 'g6_1.png', 'g6_2.png', 'g6_3.png', 'g6_4.png', '2020-05-11 17:43:00', '2020-05-11 17:43:00'),
(112, 112, 'g7.png', 'g7_1.png', 'g7_2.png', 'g7_3.png', 'g7_4.png', '2020-05-12 17:43:00', '2020-05-12 17:43:00'),
(113, 113, 'g8.png', 'g8_1.png', 'g8_2.png', 'g8_3.png', 'g8_4.png', '2020-05-13 17:43:00', '2020-05-13 17:43:00'),
(114, 114, 'g9.png', 'g9_1.png', 'g9_2.png', 'g9_3.png', 'g9_4.png', '2020-05-14 17:43:00', '2020-05-14 17:43:00'),
(115, 115, 'g10.png', 'g10_1.png', 'g10_2.png', 'g10_3.png', 'g10_4.png', '2020-05-15 17:43:00', '2020-05-15 17:43:00'),
(141, 192, '1594356474888-ATH-M50x_2.png', '1594356474889-ATH-M50x_3.png', '1594356474891-ATH-M50x_4.png', '', '', '2020-07-10 12:48:15', '2020-07-10 12:48:15');

-- --------------------------------------------------------

--
-- 資料表結構 `myfav`
--

CREATE TABLE `myfav` (
  `myfav_id` int(100) NOT NULL COMMENT '流水號',
  `user_id` int(11) NOT NULL COMMENT '會員ID',
  `items_Id` int(11) NOT NULL COMMENT '商品ID',
  `created_at` datetime NOT NULL DEFAULT current_timestamp() COMMENT '建立時間'
) ENGINE=InnoDB DEFAULT CHARSET=utf8mb4;

--
-- 傾印資料表的資料 `myfav`
--

INSERT INTO `myfav` (`myfav_id`, `user_id`, `items_Id`, `created_at`) VALUES
(1, 1, 1, '2020-06-23 16:17:24'),
(2, 1, 2, '2020-06-23 16:17:24'),
(3, 1, 3, '2020-06-23 16:17:24'),
(4, 1, 4, '2020-06-23 16:17:24'),
(5, 1, 5, '2020-06-23 16:17:24');

-- --------------------------------------------------------

--
-- 資料表結構 `orders`
--

CREATE TABLE `orders` (
  `orderId` int(11) NOT NULL COMMENT '訂單編號',
  `userId` varchar(50) COLLATE utf8mb4_unicode_ci NOT NULL COMMENT '買家id',
  `total` varchar(100) COLLATE utf8mb4_unicode_ci NOT NULL COMMENT '訂單總金額',
  `orderRemark` varchar(255) COLLATE utf8mb4_unicode_ci NOT NULL COMMENT '訂單備註',
  `payment` varchar(50) COLLATE utf8mb4_unicode_ci NOT NULL COMMENT '付款方式',
  `delivery` varchar(50) COLLATE utf8mb4_unicode_ci NOT NULL COMMENT '配送方式',
  `paymentState` int(3) NOT NULL DEFAULT 1 COMMENT '付款狀態',
  `deliveryState` int(3) NOT NULL DEFAULT 1 COMMENT '配送狀態',
  `created_at` datetime NOT NULL DEFAULT current_timestamp() COMMENT '新增時間',
  `updated_at` datetime NOT NULL DEFAULT current_timestamp() ON UPDATE current_timestamp() COMMENT '更新時間'
) ENGINE=InnoDB DEFAULT CHARSET=utf8mb4 COLLATE=utf8mb4_unicode_ci COMMENT='結帳資料表';

--
-- 傾印資料表的資料 `orders`
--

INSERT INTO `orders` (`orderId`, `userId`, `total`, `orderRemark`, `payment`, `delivery`, `paymentState`, `deliveryState`, `created_at`, `updated_at`) VALUES
(1000520520, '3', '15900', '請交樓下給管理員', '2', '3', 2, 2, '2020-06-30 15:09:35', '2020-07-04 17:34:27'),
(1000520522, '1', '23900', '', '1', '1', 1, 1, '2020-07-03 23:44:46', '2020-07-04 02:07:23'),
(1000520523, '1', '68900', '', '1', '1', 2, 2, '2020-06-04 00:11:18', '2020-07-04 17:34:37'),
(1000520524, '1', '38900', '', '1', '1', 1, 1, '2020-07-04 00:11:39', '2020-07-04 02:07:28'),
(1000520525, '1', '15480', '', '1', '1', 2, 2, '2020-07-04 00:20:35', '2020-07-04 17:34:40'),
(1000520526, '1', '19400', '', '1', '1', 1, 1, '2020-07-06 01:30:41', '2020-07-06 01:30:41'),
(1000520538, '112', '67734', '', '3', '1', 1, 1, '2020-07-09 19:17:08', '2020-07-09 19:17:08'),
(1000520539, '112', '5600', '', '1', '1', 2, 1, '2020-07-09 19:27:15', '2020-07-09 19:27:33'),
(1000520540, '115', '29520', '1111', '3', '1', 1, 1, '2020-07-10 12:45:51', '2020-07-10 12:45:51'),
(1000520541, '2', '5600', '', '1', '1', 2, 1, '2020-07-10 12:50:10', '2020-07-10 12:50:35');

-- --------------------------------------------------------

--
-- 資料表結構 `order_details`
--

CREATE TABLE `order_details` (
  `orderDetailsId` int(11) NOT NULL COMMENT '流水號',
  `orderId` int(11) NOT NULL COMMENT '訂單編號',
  `itemId` int(11) NOT NULL COMMENT '商品編號',
  `checkPrice` int(11) NOT NULL COMMENT '結帳時單價',
  `checkQty` tinyint(3) NOT NULL COMMENT '結帳時數量',
  `created_at` datetime NOT NULL DEFAULT current_timestamp() COMMENT '新增時間',
  `updated_at` datetime NOT NULL DEFAULT current_timestamp() ON UPDATE current_timestamp() COMMENT '更新時間'
) ENGINE=InnoDB DEFAULT CHARSET=utf8mb4 COLLATE=utf8mb4_unicode_ci COMMENT='訂單中的商品列表';

--
-- 傾印資料表的資料 `order_details`
--

INSERT INTO `order_details` (`orderDetailsId`, `orderId`, `itemId`, `checkPrice`, `checkQty`, `created_at`, `updated_at`) VALUES
(1, 1000520520, 46, 9900, 2, '2020-06-30 15:09:35', '2020-06-30 15:09:35'),
(2, 1000520520, 117, 6000, 1, '2020-06-30 15:09:35', '2020-06-30 15:09:35'),
(5, 1000520522, 110, 15000, 1, '2020-07-03 23:44:46', '2020-07-03 23:44:46'),
(6, 1000520522, 109, 8900, 1, '2020-07-03 23:44:46', '2020-07-03 23:44:46'),
(7, 1000520523, 99, 59000, 1, '2020-06-04 00:11:18', '2020-07-05 14:27:38'),
(8, 1000520523, 46, 9900, 1, '2020-06-04 00:11:18', '2020-07-05 14:27:44'),
(9, 1000520524, 111, 15000, 1, '2020-07-04 00:11:39', '2020-07-04 00:11:39'),
(10, 1000520524, 112, 15000, 1, '2020-07-04 00:11:39', '2020-07-04 00:11:39'),
(11, 1000520524, 108, 8900, 1, '2020-07-04 00:11:39', '2020-07-04 00:11:39'),
(12, 1000520525, 37, 7990, 1, '2020-07-04 00:20:35', '2020-07-04 00:20:35'),
(13, 1000520525, 45, 7490, 1, '2020-07-04 00:20:35', '2020-07-04 00:20:35'),
(14, 1000520526, 99, 5900, 1, '2020-07-06 01:30:41', '2020-07-06 01:30:41'),
(15, 1000520526, 10, 13500, 1, '2020-07-06 01:30:41', '2020-07-06 01:30:41'),
(38, 1000520538, 28, 5990, 1, '2020-07-09 19:17:08', '2020-07-09 19:17:08'),
(39, 1000520538, 29, 7490, 1, '2020-07-09 19:17:08', '2020-07-09 19:17:08'),
(40, 1000520538, 27, 4990, 1, '2020-07-09 19:17:08', '2020-07-09 19:17:08'),
(41, 1000520538, 99, 5900, 1, '2020-07-09 19:17:08', '2020-07-09 19:17:08'),
(42, 1000520538, 85, 29900, 1, '2020-07-09 19:17:08', '2020-07-09 19:17:08'),
(43, 1000520538, 29, 7490, 1, '2020-07-09 19:17:08', '2020-07-09 19:17:08'),
(44, 1000520539, 188, 5600, 1, '2020-07-09 19:27:15', '2020-07-09 19:27:15'),
(45, 1000520541, 192, 5600, 1, '2020-07-10 12:50:10', '2020-07-10 12:50:10');

-- --------------------------------------------------------

--
-- 資料表結構 `paymentstate_types`
--

CREATE TABLE `paymentstate_types` (
  `paymentState` int(2) NOT NULL COMMENT '付款狀態編號',
  `paymentStateTypeName` varchar(100) COLLATE utf8mb4_unicode_ci NOT NULL COMMENT '付款狀態名稱',
  `created_at` datetime NOT NULL DEFAULT current_timestamp() COMMENT '新增時間',
  `updated_at` datetime NOT NULL DEFAULT current_timestamp() ON UPDATE current_timestamp() COMMENT '更新時間'
) ENGINE=InnoDB DEFAULT CHARSET=utf8mb4 COLLATE=utf8mb4_unicode_ci COMMENT='付款狀態';

--
-- 傾印資料表的資料 `paymentstate_types`
--

INSERT INTO `paymentstate_types` (`paymentState`, `paymentStateTypeName`, `created_at`, `updated_at`) VALUES
(1, '待付款', '2020-04-27 00:04:35', '2020-07-04 17:31:09'),
(2, '已付款', '2020-04-27 00:04:49', '2020-07-04 17:31:16');

-- --------------------------------------------------------

--
-- 資料表結構 `payment_types`
--

CREATE TABLE `payment_types` (
  `payment` int(11) NOT NULL COMMENT '流水號',
  `paymentTypeName` varchar(100) COLLATE utf8mb4_unicode_ci NOT NULL COMMENT '付款方式名稱',
  `paymentTypeImg` varchar(100) COLLATE utf8mb4_unicode_ci NOT NULL COMMENT '付款方式圖片名稱',
  `created_at` datetime NOT NULL DEFAULT current_timestamp() COMMENT '新增時間',
  `updated_at` datetime NOT NULL DEFAULT current_timestamp() ON UPDATE current_timestamp() COMMENT '更新時間'
) ENGINE=InnoDB DEFAULT CHARSET=utf8mb4 COLLATE=utf8mb4_unicode_ci COMMENT='付款方式';

--
-- 傾印資料表的資料 `payment_types`
--

INSERT INTO `payment_types` (`payment`, `paymentTypeName`, `paymentTypeImg`, `created_at`, `updated_at`) VALUES
(1, '貨到付款', '', '2020-04-27 00:04:35', '2020-07-04 17:06:55'),
(2, 'ATM付款', '', '2020-04-27 00:04:49', '2020-07-04 17:07:03'),
(3, '信用卡付款', '', '2020-07-04 17:07:22', '2020-07-04 17:07:31');

-- --------------------------------------------------------

--
-- 資料表結構 `sessions`
--

CREATE TABLE `sessions` (
  `session_id` varchar(128) CHARACTER SET utf8mb4 COLLATE utf8mb4_bin NOT NULL,
  `expires` int(11) UNSIGNED NOT NULL,
  `data` mediumtext CHARACTER SET utf8mb4 COLLATE utf8mb4_bin DEFAULT NULL
) ENGINE=InnoDB DEFAULT CHARSET=utf8mb4 COLLATE=utf8mb4_unicode_ci;

--
-- 傾印資料表的資料 `sessions`
--

INSERT INTO `sessions` (`session_id`, `expires`, `data`) VALUES
('eqCkYJlF_0f1elZWv-BXwgv6lnr8nBH7', 1618684495, '{\"cookie\":{\"originalMaxAge\":1200000,\"expires\":\"2021-04-17T18:34:54.655Z\",\"httpOnly\":true,\"path\":\"/\"},\"username\":\"s001\",\"name\":\"威廉動起來\",\"password\":\"111111\",\"user_access\":\"擁有使用權限\"}');

-- --------------------------------------------------------

--
-- 資料表結構 `stores`
--

CREATE TABLE `stores` (
  `storeId` int(11) NOT NULL COMMENT '商場編號',
  `storeName` varchar(100) COLLATE utf8mb4_unicode_ci NOT NULL COMMENT '商場名稱',
  `storeLogo` varchar(100) COLLATE utf8mb4_unicode_ci DEFAULT NULL COMMENT '商場圖片',
  `storeDescription` varchar(255) COLLATE utf8mb4_unicode_ci DEFAULT NULL COMMENT '商場介紹',
  `storeItemsId` tinyint(10) DEFAULT NULL COMMENT '賣場商品編號',
  `storeOpened` tinyint(10) NOT NULL DEFAULT 1 COMMENT '商場權限',
  `createTime` datetime NOT NULL DEFAULT current_timestamp() COMMENT '新增時間',
  `updateTime` datetime NOT NULL DEFAULT current_timestamp() ON UPDATE current_timestamp() COMMENT '更新時間'
) ENGINE=InnoDB DEFAULT CHARSET=utf8mb4 COLLATE=utf8mb4_unicode_ci;

--
-- 傾印資料表的資料 `stores`
--

INSERT INTO `stores` (`storeId`, `storeName`, `storeLogo`, `storeDescription`, `storeItemsId`, `storeOpened`, `createTime`, `updateTime`) VALUES
(1, 'beats的耳機店', 'item_20200505154750.png', 'beats的耳機店，歡迎你！', 1, 1, '2020-05-05 23:47:50', '2020-05-05 23:52:19'),
(2, '被咬一口的蘋果店', 'item_20200505155337.png', '被咬一口的蘋果店，歡迎你！', 2, 1, '2020-05-05 23:53:37', '2020-05-05 23:53:53'),
(3, 'Qi的魔音傳腦店', 'item_20200505155446.png', 'Qi的魔音傳腦店，歡迎你', 3, 1, '2020-05-05 23:54:46', '2020-05-05 23:54:56'),
(4, '羽毛飄飄然店', 'item_20200505155548.jpg', '羽毛飄飄然店，歡迎你！', 4, 1, '2020-05-05 23:55:48', '2020-05-06 00:06:00'),
(5, '快來動起來店', 'item_20200505155655.png', '快來動起來店，歡迎你！', 5, 1, '2020-05-05 23:56:55', '2020-05-05 23:58:30'),
(6, '森海爾電子', '20200506070425_s04.png', '森海爾電子，歡迎您', 9, 1, '2020-05-06 12:59:51', '2020-05-06 13:04:45'),
(7, '鐵三角的店', '20200506070838_Audio-Technica Logo 11_15.jpg', '鐵三角的店，歡迎您', 10, 1, '2020-05-06 13:08:25', '2020-05-06 13:25:08');

-- --------------------------------------------------------

--
-- 資料表結構 `users`
--

CREATE TABLE `users` (
  `id` int(11) NOT NULL COMMENT '流水號',
  `username` varchar(50) COLLATE utf8mb4_unicode_ci DEFAULT NULL COMMENT '使用者名稱',
  `pwd` char(40) COLLATE utf8mb4_unicode_ci NOT NULL COMMENT '使用者密碼',
  `name` varchar(50) COLLATE utf8mb4_unicode_ci NOT NULL COMMENT '姓名',
  `gender` tinytext COLLATE utf8mb4_unicode_ci DEFAULT NULL COMMENT '性別',
  `userlogo` varchar(100) COLLATE utf8mb4_unicode_ci DEFAULT NULL COMMENT '使用者頭像',
  `phoneNumber` text COLLATE utf8mb4_unicode_ci DEFAULT NULL COMMENT '手機號碼',
  `card` varchar(255) COLLATE utf8mb4_unicode_ci DEFAULT NULL COMMENT '信用卡號碼',
  `pin` varchar(255) COLLATE utf8mb4_unicode_ci DEFAULT NULL COMMENT 'pin信用卡三碼',
  `birthday` date DEFAULT NULL COMMENT '出生年月日',
  `address` varchar(100) COLLATE utf8mb4_unicode_ci DEFAULT NULL COMMENT '地址',
  `created_at` datetime NOT NULL DEFAULT current_timestamp() COMMENT '新增時間',
  `updated_at` datetime NOT NULL DEFAULT current_timestamp() ON UPDATE current_timestamp() COMMENT '更新時間',
  `isActivated` int(5) NOT NULL DEFAULT 0 COMMENT '賣家開通狀況',
  `shopopen` int(5) NOT NULL DEFAULT 0 COMMENT '賣場開通狀況'
) ENGINE=InnoDB DEFAULT CHARSET=utf8mb4 COLLATE=utf8mb4_unicode_ci COMMENT='使用者資料表';

--
-- 傾印資料表的資料 `users`
--

INSERT INTO `users` (`id`, `username`, `pwd`, `name`, `gender`, `userlogo`, `phoneNumber`, `card`, `pin`, `birthday`, `address`, `created_at`, `updated_at`, `isActivated`, `shopopen`) VALUES
(1, 's001', '111111', '威廉動起來', '1', 'ia_200000000.jpg', '0999999999', '4444 5555 6666 7777', '213', '2008-12-29', '新北市泰山區一頓', '2020-04-26 15:17:44', '2020-11-10 11:14:29', 1, 1),
(2, 's002', '111111', '歪果人', '1', 'ia_100000016693.jpg', '0988888888', '3766-5555-8888-8888', '555', '2012-01-25', '台北市中山區林森北路3號', '2020-04-26 15:20:56', '2020-07-09 20:16:08', 1, 1),
(3, 's003', '111111', '亞伯拉罕', '1', 'ia_100000016695.jpg', '0928251686', '3333 3333 3333 3333', '333', '2020-04-01', '台北市中山區林森北路3號', '2020-04-26 15:24:18', '2020-07-09 20:16:14', 1, 1),
(4, 's004', '123', '	阿道夫', '1', 'ia_100000016696.jpg', '0918427269', '8834-5985-8888-8888', '0', '2020-04-15', '台北市中山區林森北路3號', '2020-04-26 15:24:18', '2020-07-04 04:07:38', 1, 1),
(5, 's005', '0147258', '愛得拉', '2', 'ia_200000002.jpg', '0926392143', '9934-5555-8888-8888', '0', '2020-04-02', '台北市中山區林森北路5號', '2020-04-26 15:33:12', '2020-05-05 22:55:27', 1, 1),
(6, 's006', '123', '阿爾娃', '2', 'ia_200000003.jpg', '0952153427', '5534-5555-8888-8888', '0', '2020-04-17', '台北市中山區林森北路6號', '2020-04-26 15:33:12', '2020-07-06 23:19:37', 1, 1),
(7, 's007', '0147258', '艾尼娜', '2', 'ia_200000004.jpg', '0956754756', '4434-5555-8888-8888', '0', '2020-04-18', '台北市中山區林森北路7號', '2020-04-26 15:33:12', '2020-05-05 22:56:07', 0, 0),
(8, 's008', '0147258', '安琪拉', '2', 'ia_200000005.jpg', '0920602202', '8834-5555-8888-8888', '0', '2020-04-11', '台北市中山區林森北路8號', '2020-04-26 15:33:12', '2020-05-05 22:56:17', 0, 0),
(9, 's009', '258369', '雅典娜', '2', 'ia_200000006.jpg', '0970884130', '9934-5555-8888-8888', '0', '2020-04-14', '台北市中山區林森北路9號', '2020-04-26 15:33:12', '2020-05-06 12:57:06', 1, 1),
(10, 's010', '258369', '阿爾傑農	', '1', 'ia_100000016697.jpg', '0954192057', '3334-5555-8888-8888', '0', '2020-04-17', '台北市中山區林森北路10號', '2020-04-26 15:33:12', '2020-05-06 13:24:15', 1, 1),
(11, 's011', '258369', '奧爾頓', '1', 'ia_100000016719.jpg', '0987550683', '4434-5555-8888-8888', '0', '2020-04-01', '台北市中山區林森北路11號', '2020-04-26 15:33:12', '2020-05-06 13:11:53', 1, 0),
(12, 's012', '85455', '布萊迪', '1', 'ia_100000016698.jpg', '0955555789', '8834-5555-8558-8888', '0', '2020-04-01', '台北市中山區林森北路12號', '2020-04-27 16:54:31', '2020-05-06 12:46:57', 1, 0),
(13, 's013', 'ss412', '查恩斯', '1', 'ia_100000016699.jpg', '0978555333', '1234-5555-1548-2258', '0', '2016-01-13', '台北市中山區林森北路13號', '2020-05-01 19:58:32', '2020-05-06 12:47:05', 1, 0),
(14, 's014', 'cc958', '克雷爾', '1', 'ia_100000016709.jpg', '0987546892', '1234-5665-1548-2258', '0', '2019-03-05', '台北市中山區林森北路14號', '2020-05-01 19:58:32', '2020-05-06 12:47:08', 1, 0),
(15, 's015', 'ss854', '百麗兒', '2', 'ia_200000007.jpg', '0912333456', '4469-5555-1548-2258', '0', '2020-05-02', '台北市中山區林森北路15號', '2020-05-01 19:58:32', '2020-05-05 22:56:31', 0, 0),
(16, 's016', 'ss722', '卡莉絲塔', '2', 'ia_200000008.jpg', '0987223555', '3384-5555-1548-2258', '0', '2020-05-21', '台北市中山區林森北路16號', '2020-05-01 19:58:32', '2020-05-05 22:56:41', 0, 0),
(17, 's017', 'ss622', '塞西莉亞', '2', 'ia_200000009.jpg', '0987456123', '1234-5445-1668-2258', '0', '2020-05-14', '台北市中山區林森北路17號', '2020-05-01 19:58:32', '2020-05-05 22:56:48', 0, 0),
(18, 's018', 'ss335', '莎莉絲特', '2', 'ia_200000013.jpg', '0984321855', '4234-7855-1548-2358', '0', '2018-11-23', '台北市中山區林森北路18號', '2020-05-01 19:58:32', '2020-05-05 22:56:58', 0, 0),
(19, 's019', 'ss722', '丹尼斯', '1', 'ia_100000016716.jpg', '0921555888', '1324-5445-1908-2668', '0', '2020-05-28', '台北市中山區林森北路19號', '2020-05-01 19:58:32', '2020-05-05 22:58:24', 0, 0),
(20, 's020', 'aa945', '艾德', '1', 'ia_100000016718.jpg', '0955666888', '1234-5665-1788-2258', '0', '2020-05-03', '台北市中山區林森北路20號', '2020-05-01 19:58:32', '2020-05-05 22:58:28', 0, 0),
(110, 'a@qq.com', '111111', 'alex', '1', '1594203184575-avataaars.png', '0988220903', '4466 5555 6666 9999', '111', '2020-07-07', '新北市泰山區一頓', '2020-07-08 18:12:09', '2020-07-08 18:33:42', 1, 1),
(114, 'aaaa@qq.com', '111111', 'aaaa', NULL, NULL, NULL, NULL, NULL, NULL, NULL, '2020-07-10 11:59:46', '2020-07-10 11:59:46', 0, 0),
(115, 'duncan@qq.com', '111111', 'Duncan', '1', '1594356040378-大頭.jpg', '0988220903', '4444 4444 4444 4444', '111', '2020-01-01', '台北市大安區復興南路一段390號2樓', '2020-07-10 12:39:31', '2020-07-10 12:47:00', 1, 1),
(116, '11@qq.com', '111111', 'aaaa', NULL, NULL, NULL, NULL, NULL, NULL, NULL, '2020-07-20 16:44:56', '2020-07-20 16:45:59', 1, 1);

--
-- 已傾印資料表的索引
--

--
-- 資料表索引 `blogs`
--
ALTER TABLE `blogs`
  ADD PRIMARY KEY (`blogId`);

--
-- 資料表索引 `blogs_reply`
--
ALTER TABLE `blogs_reply`
  ADD PRIMARY KEY (`b_rid`);

--
-- 資料表索引 `chat_data`
--
ALTER TABLE `chat_data`
  ADD PRIMARY KEY (`id`);

--
-- 資料表索引 `deliverystate_types`
--
ALTER TABLE `deliverystate_types`
  ADD PRIMARY KEY (`deliveryState`);

--
-- 資料表索引 `delivery_types`
--
ALTER TABLE `delivery_types`
  ADD PRIMARY KEY (`delivery`);

--
-- 資料表索引 `forget_password`
--
ALTER TABLE `forget_password`
  ADD PRIMARY KEY (`id`);

--
-- 資料表索引 `items`
--
ALTER TABLE `items`
  ADD PRIMARY KEY (`itemId`);

--
-- 資料表索引 `items_color`
--
ALTER TABLE `items_color`
  ADD PRIMARY KEY (`coid`);

--
-- 資料表索引 `items_type`
--
ALTER TABLE `items_type`
  ADD PRIMARY KEY (`typeid`);

--
-- 資料表索引 `manager`
--
ALTER TABLE `manager`
  ADD PRIMARY KEY (`mid`),
  ADD UNIQUE KEY `username` (`managername`);

--
-- 資料表索引 `marketing`
--
ALTER TABLE `marketing`
  ADD PRIMARY KEY (`acId`);

--
-- 資料表索引 `multiple_images`
--
ALTER TABLE `multiple_images`
  ADD PRIMARY KEY (`multipleImageId`);

--
-- 資料表索引 `myfav`
--
ALTER TABLE `myfav`
  ADD PRIMARY KEY (`myfav_id`);

--
-- 資料表索引 `orders`
--
ALTER TABLE `orders`
  ADD PRIMARY KEY (`orderId`);

--
-- 資料表索引 `order_details`
--
ALTER TABLE `order_details`
  ADD PRIMARY KEY (`orderDetailsId`);

--
-- 資料表索引 `paymentstate_types`
--
ALTER TABLE `paymentstate_types`
  ADD PRIMARY KEY (`paymentState`);

--
-- 資料表索引 `payment_types`
--
ALTER TABLE `payment_types`
  ADD PRIMARY KEY (`payment`);

--
-- 資料表索引 `sessions`
--
ALTER TABLE `sessions`
  ADD PRIMARY KEY (`session_id`);

--
-- 資料表索引 `stores`
--
ALTER TABLE `stores`
  ADD PRIMARY KEY (`storeId`);

--
-- 資料表索引 `users`
--
ALTER TABLE `users`
  ADD PRIMARY KEY (`id`),
  ADD UNIQUE KEY `username` (`username`);

--
-- 在傾印的資料表使用自動遞增(AUTO_INCREMENT)
--

--
-- 使用資料表自動遞增(AUTO_INCREMENT) `blogs`
--
ALTER TABLE `blogs`
  MODIFY `blogId` int(11) NOT NULL AUTO_INCREMENT COMMENT '流水號', AUTO_INCREMENT=112;

--
-- 使用資料表自動遞增(AUTO_INCREMENT) `blogs_reply`
--
ALTER TABLE `blogs_reply`
  MODIFY `b_rid` smallint(11) NOT NULL AUTO_INCREMENT COMMENT '回文編號', AUTO_INCREMENT=43;

--
-- 使用資料表自動遞增(AUTO_INCREMENT) `chat_data`
--
ALTER TABLE `chat_data`
  MODIFY `id` int(11) NOT NULL AUTO_INCREMENT COMMENT '流水號', AUTO_INCREMENT=162;

--
-- 使用資料表自動遞增(AUTO_INCREMENT) `deliverystate_types`
--
ALTER TABLE `deliverystate_types`
  MODIFY `deliveryState` int(2) NOT NULL AUTO_INCREMENT COMMENT '配送狀態編號', AUTO_INCREMENT=3;

--
-- 使用資料表自動遞增(AUTO_INCREMENT) `delivery_types`
--
ALTER TABLE `delivery_types`
  MODIFY `delivery` int(2) NOT NULL AUTO_INCREMENT COMMENT '配送方式編號', AUTO_INCREMENT=5;

--
-- 使用資料表自動遞增(AUTO_INCREMENT) `forget_password`
--
ALTER TABLE `forget_password`
  MODIFY `id` int(255) NOT NULL AUTO_INCREMENT COMMENT '流水号';

--
-- 使用資料表自動遞增(AUTO_INCREMENT) `items`
--
ALTER TABLE `items`
  MODIFY `itemId` int(11) NOT NULL AUTO_INCREMENT COMMENT '流水號', AUTO_INCREMENT=193;

--
-- 使用資料表自動遞增(AUTO_INCREMENT) `items_color`
--
ALTER TABLE `items_color`
  MODIFY `coid` tinyint(20) NOT NULL AUTO_INCREMENT COMMENT '顏色號碼', AUTO_INCREMENT=10;

--
-- 使用資料表自動遞增(AUTO_INCREMENT) `items_type`
--
ALTER TABLE `items_type`
  MODIFY `typeid` tinyint(10) NOT NULL AUTO_INCREMENT COMMENT '類型編號', AUTO_INCREMENT=11;

--
-- 使用資料表自動遞增(AUTO_INCREMENT) `manager`
--
ALTER TABLE `manager`
  MODIFY `mid` int(11) NOT NULL AUTO_INCREMENT COMMENT '流水號', AUTO_INCREMENT=2;

--
-- 使用資料表自動遞增(AUTO_INCREMENT) `marketing`
--
ALTER TABLE `marketing`
  MODIFY `acId` int(3) NOT NULL AUTO_INCREMENT COMMENT '活動ID', AUTO_INCREMENT=13;

--
-- 使用資料表自動遞增(AUTO_INCREMENT) `multiple_images`
--
ALTER TABLE `multiple_images`
  MODIFY `multipleImageId` int(11) NOT NULL AUTO_INCREMENT COMMENT '流水號', AUTO_INCREMENT=142;

--
-- 使用資料表自動遞增(AUTO_INCREMENT) `myfav`
--
ALTER TABLE `myfav`
  MODIFY `myfav_id` int(100) NOT NULL AUTO_INCREMENT COMMENT '流水號', AUTO_INCREMENT=9;

--
-- 使用資料表自動遞增(AUTO_INCREMENT) `orders`
--
ALTER TABLE `orders`
  MODIFY `orderId` int(11) NOT NULL AUTO_INCREMENT COMMENT '訂單編號', AUTO_INCREMENT=1000520542;

--
-- 使用資料表自動遞增(AUTO_INCREMENT) `order_details`
--
ALTER TABLE `order_details`
  MODIFY `orderDetailsId` int(11) NOT NULL AUTO_INCREMENT COMMENT '流水號', AUTO_INCREMENT=46;

--
-- 使用資料表自動遞增(AUTO_INCREMENT) `paymentstate_types`
--
ALTER TABLE `paymentstate_types`
  MODIFY `paymentState` int(2) NOT NULL AUTO_INCREMENT COMMENT '付款狀態編號', AUTO_INCREMENT=4;

--
-- 使用資料表自動遞增(AUTO_INCREMENT) `payment_types`
--
ALTER TABLE `payment_types`
  MODIFY `payment` int(11) NOT NULL AUTO_INCREMENT COMMENT '流水號', AUTO_INCREMENT=7;

--
-- 使用資料表自動遞增(AUTO_INCREMENT) `stores`
--
ALTER TABLE `stores`
  MODIFY `storeId` int(11) NOT NULL AUTO_INCREMENT COMMENT '商場編號', AUTO_INCREMENT=9;

--
-- 使用資料表自動遞增(AUTO_INCREMENT) `users`
--
ALTER TABLE `users`
  MODIFY `id` int(11) NOT NULL AUTO_INCREMENT COMMENT '流水號', AUTO_INCREMENT=117;
COMMIT;

/*!40101 SET CHARACTER_SET_CLIENT=@OLD_CHARACTER_SET_CLIENT */;
/*!40101 SET CHARACTER_SET_RESULTS=@OLD_CHARACTER_SET_RESULTS */;
/*!40101 SET COLLATION_CONNECTION=@OLD_COLLATION_CONNECTION */;
