-- phpMyAdmin SQL Dump
-- version 5.0.2
-- https://www.phpmyadmin.net/
--
-- 主機： 127.0.0.1
-- 產生時間： 2020-06-17 12:32:53
-- 伺服器版本： 10.4.11-MariaDB
-- PHP 版本： 7.4.4

SET SQL_MODE = "NO_AUTO_VALUE_ON_ZERO";
START TRANSACTION;
SET time_zone = "+00:00";


/*!40101 SET @OLD_CHARACTER_SET_CLIENT=@@CHARACTER_SET_CLIENT */;
/*!40101 SET @OLD_CHARACTER_SET_RESULTS=@@CHARACTER_SET_RESULTS */;
/*!40101 SET @OLD_COLLATION_CONNECTION=@@COLLATION_CONNECTION */;
/*!40101 SET NAMES utf8mb4 */;

--
-- 資料庫： `otis_shop`
--

-- --------------------------------------------------------

--
-- 資料表結構 `items`
--

CREATE TABLE `items` (
  `itemId` int(11) NOT NULL COMMENT '流水號',
  `itemName` varchar(100) COLLATE utf8mb4_unicode_ci NOT NULL COMMENT '商品名稱',
  `itemImg` varchar(100) COLLATE utf8mb4_unicode_ci DEFAULT NULL COMMENT '商品照片路徑',
  `colorid` tinyint(20) DEFAULT NULL COMMENT '產品顏色',
  `itemsbrand` varchar(100) COLLATE utf8mb4_unicode_ci NOT NULL COMMENT '產品品牌',
  `itemstype` varchar(100) COLLATE utf8mb4_unicode_ci NOT NULL COMMENT '產品類型',
  `itemPrice` int(11) NOT NULL COMMENT '商品價格',
  `itemQty` int(255) NOT NULL COMMENT '商品數量',
  `itemsales` int(255) NOT NULL DEFAULT 1 COMMENT '銷售量',
  `itemsstar` tinyint(10) NOT NULL DEFAULT 1 COMMENT '產品評分',
  `itemstoreNumber` int(10) DEFAULT NULL COMMENT '賣場與商品對應編號',
  `itemscontent` varchar(255) COLLATE utf8mb4_unicode_ci DEFAULT NULL COMMENT '產品備註',
  `itemsweight` varchar(100) COLLATE utf8mb4_unicode_ci NOT NULL COMMENT '重量',
  `itemsdrive` varchar(100) COLLATE utf8mb4_unicode_ci NOT NULL COMMENT '單體驅動',
  `itemsfrequency` varchar(100) COLLATE utf8mb4_unicode_ci NOT NULL COMMENT '頻率響應',
  `itemsSensitivity` varchar(100) COLLATE utf8mb4_unicode_ci NOT NULL COMMENT '靈敏度',
  `itemsconnect` varchar(100) COLLATE utf8mb4_unicode_ci NOT NULL COMMENT '連結端子',
  `itemsmains` varchar(100) COLLATE utf8mb4_unicode_ci NOT NULL COMMENT '電源',
  `itemsEndurance` varchar(100) COLLATE utf8mb4_unicode_ci NOT NULL COMMENT '電池續航力',
  `itemswatertight` varchar(100) COLLATE utf8mb4_unicode_ci NOT NULL COMMENT '防水性',
  `itemsfeature` varchar(100) COLLATE utf8mb4_unicode_ci NOT NULL COMMENT '重點特色',
  `created_at` datetime NOT NULL DEFAULT current_timestamp() COMMENT '新增時間',
  `updated_at` datetime NOT NULL DEFAULT current_timestamp() ON UPDATE current_timestamp() COMMENT '更新時間'
) ENGINE=InnoDB DEFAULT CHARSET=utf8mb4 COLLATE=utf8mb4_unicode_ci COMMENT='商品列表';

--
-- 傾印資料表的資料 `items`
--

INSERT INTO `items` (`itemId`, `itemName`, `itemImg`, `colorid`, `itemsbrand`, `itemstype`, `itemPrice`, `itemQty`, `itemsales`, `itemsstar`, `itemstoreNumber`, `itemscontent`, `itemsweight`, `itemsdrive`, `itemsfrequency`, `itemsSensitivity`, `itemsconnect`, `itemsmains`, `itemsEndurance`, `itemswatertight`, `itemsfeature`, `created_at`, `updated_at`) VALUES
(1, 'Beoplay_H3', 'B1.png', 3, 'Bang & Olufsen', '3', 5100, 100, 5, 5, 0, '在旅途中或在家中，都能透過 HD 350BT. 享受絕佳的無線音頻。', '16 公克', '動圈式', '20 – 16.000 Hz', '100dB/mW', '3.5mm', '無', '無', '無防水', '麥克風', '2020-05-04 23:14:00', '2020-05-04 23:14:00'),
(2, 'Beoplay_E4', 'B2.png', 8, 'Bang & Olufsen', '3', 8400, 150, 5, 5, 0, '新款PXC 550-II無線耳機，優美的聲音質量，更出色的出行體驗。', '50 公克', '動圈式', '20 – 16.000 Hz', '100dB/mW', '3.5 mm', '無', '無', '無防水', '主動式降噪.麥克風', '2020-05-04 23:14:00', '2020-05-04 23:14:00'),
(3, 'Beoplay_E6', 'B3.png', 8, 'Bang & Olufsen', '4', 6700, 100, 10, 5, 0, '新款MOMENTUM Wireless無線耳機，人性化設計，優越聲音品質。', '21 公克', '動圈式', '20 – 22,000 Hz', '100dB/mW', '藍牙', '充電式', ' 5 小時', '無防水', '麥克風', '2020-05-04 23:14:00', '2020-05-04 23:14:00'),
(4, 'Beoplay_E8', 'B4.png', 9, 'Bang & Olufsen', '4', 12000, 50, 5, 5, 0, 'Sennheiser PXC 550 Wireless將每一次旅程變成一流的體驗', '左耳7g右耳6g', '動圈式', '20 – 20,000  Hz', '107dB/mW', '藍牙', '充電式', '4小時', '無防水', '觸控介面', '2020-05-04 23:14:00', '2020-05-04 23:14:00'),
(5, 'Beoplay_E8_2.0', 'B5.png', 8, 'Bang & Olufsen', '4', 10000, 100, 50, 5, 0, '新推出的Sennheiser HD4.40BT無線耳機提供了高質量的無線聲音信號', '左耳7g右耳6g', '動圈式', '20 – 20,000  Hz', '107dB/mW', '藍牙', '充電式', '4小時', '無防水', '麥克風.觸控介面', '2020-05-04 23:14:00', '2020-05-04 23:14:00'),
(6, 'Beoplay_E8_3rd_Gen', 'B6.png', 8, 'Bang & Olufsen', '4', 12000, 100, 20, 5, 0, '獨家主動降噪技術為你帶來頂尖的聲學表現。', '左耳6g右耳6g', '動圈式', '20 – 20,000  Hz', '107dB/mW', '藍牙', '充電式', '7小時', '可防水', '抗噪.麥克風', '2020-05-04 23:14:00', '2020-05-04 23:14:00'),
(7, 'Beoplay_H4_2nd_Gen', 'B7.png', 8, 'Bang & Olufsen', '2', 7500, 50, 10, 5, 0, '同時支援藍牙?無線科技 及混合式主動降噪技術', '244 公克', '動圈式', '20 – 20,000  Hz', '91 dB/mW', '藍牙', '充電式', '19 小時', '無防水', '麥克風', '2020-05-04 23:14:00', '2020-05-04 23:14:00'),
(8, 'Beoplay_H8i', 'B8.png', 3, 'Bang & Olufsen', '2', 13500, 50, 5, 5, 0, '有了RS 195，你可重新體驗音樂帶來的無窮樂趣', '215公克', '動圈式', '20 – 22,000 Hz', '91 dB/mW', '藍牙', '充電式', '30小時', '無防水', '主動式降噪.麥克風', '2020-05-04 23:14:00', '2020-05-04 23:14:00'),
(9, 'Beoplay_H9_3rd_Gen', 'B9.png', 8, 'Bang & Olufsen', '2', 17000, 50, 10, 5, 0, '能手動調節聲音精確度的耳筒系統，高要求用家的無線選擇。', '285公克', '動圈式', '20 – 22,000 Hz', '91 dB/mW', '藍牙', '充電式', '33小時', '無防水', '主動式降噪.麥克風', '2020-05-04 23:14:00', '2020-05-04 23:14:00'),
(10, 'AONIC_215', 'sh1.png', 8, 'Shure', '10', 13500, 100, 30, 5, 0, '有著震撼低頻和環迴立體聲的耳筒系統，更有趣的家居影音體驗!', '21公克', '動鐵式', '2402-2480 Hz', '107dB/mW', '藍牙', '充電式', '8小時', '無防水', 'Qualcomm? aptX?', '2020-05-04 23:14:00', '2020-05-04 23:14:00'),
(11, 'KSE1200', 'sh2.png', 8, 'Shure', '9', 62000, 50, 10, 5, 0, '由於封閉式耳罩設計加強了被動降噪功能，你可以安心地聽音樂，而不用擔心打擾周圍的乘客', '44公克', '靜電式', '20 – 50,000 Hz', '107dB/mW', '3.5 mm', '無', '無', '無防水', 'DAC擴大機', '2020-05-04 23:14:00', '2020-05-04 23:14:00'),
(12, 'KSE1500', 'sh3.png', 8, 'Shure', '3', 96000, 1000, 150, 5, 0, '能方便地播放音樂和接聽電話，紮實的折疊設計讓這款耳機不僅堅固耐用', '44公克', '靜電式', '10 – 50,000 Hz', '113dB/mW', '3.5 mm', '無', '無', '無防水', 'DAC擴大機', '2020-05-04 23:14:00', '2020-05-04 23:14:00'),
(13, 'SE215', 'sh4.png', 8, 'Shure', '3', 4500, 500, 50, 5, 0, '換能器單元確保了聲音保持良好的平衡，以及強勁有力的動感低頻響應。', '30公克', '動圈式', '22 - 17000 Hz', '105dB/mW', '3.5 mm', '無', '無', '無防水', '通話功能', '2020-05-04 23:14:00', '2020-05-04 23:14:00'),
(14, 'SE425', 'sh5.png', 9, 'Shure', '3', 9700, 100, 20, 5, 0, 'Apogee Groove提供的一款USB DAC（數位類比轉換器）及耳機放大器', '30公克', '動鐵式', '22 - 19000 Hz', '109dB/mW', '3.5 mm', '無', '無', '無防水', '通話功能', '2020-05-04 23:14:00', '2020-05-04 23:14:00'),
(15, 'SE535', 'sh6.png', 1, 'Shure', '4', 15000, 50, 10, 5, 0, 'HD 300 PRO監聽耳機最新研發的聲學系統，確保其能夠提供一個自然中性、細膩精確的聲音播放', '30公克', '動鐵式', '18 - 19000 Hz', '119dB/mW', '藍牙', '充電式', '8小時', '無防水', '鍵式線控和麥克風', '2020-05-04 23:14:00', '2020-05-04 23:14:00'),
(16, 'SE846', 'sh7.png', 9, 'Shure', '4', 30000, 50, 20, 5, 0, 'Sennheiser的新型HD 660S是充滿激情的發燒友的理想開放式動態耳機。', '45公克', '動鐵式', '15 - 20000 Hz', '114dB/mW', '藍牙', '充電式', '8小時', '無防水', '內建耳擴.麥克風', '2020-05-04 23:14:00', '2020-05-04 23:14:00'),
(17, 'AONIC_50', 'sh8.png', 8, 'Shure', '2', 11000, 20, 5, 5, 0, '能夠以Hi–Fi級的質量欣賞音樂節目。配置了獨特的玻璃材質換能器外殼，以實現小共振', '334公克', '動圈式', '20 - 22000 Hz', '97.5dB/mW', '藍牙', '充電式', '20小時', '無防水', '主動式降噪', '2020-05-04 23:14:00', '2020-05-04 23:14:00'),
(18, 'SRH1440', 'sh9.png', 8, 'Shure', '1', 9500, 100, 60, 5, 0, ' 是一款封閉動圈式立體聲耳機，適合預算有限的音樂愛好者，具有聲音重放有力、環境噪聲衰減性能出色、佩戴舒適等特點。', '343公克', '動圈式', '15 - 27000 Hz', '101dB/mW', '3.5 mm', '無', '無', '無防水', '40毫米釹磁鐵驅動', '2020-05-04 23:14:00', '2020-05-04 23:14:00'),
(19, 'SRH1540', 'sh10.png', 8, 'Shure', '1', 15500, 100, 30, 5, 0, 'Sennheiser的NoiseGard主動降噪，夠保證你在任何環境中安靜也能夠聆聽和欣賞自己的音樂。', '286公克', '動圈式', '05 - 25000 Hz', '99dB/mW', '3.5 mm', '無', '無', '無防水', '40毫米釹磁鐵驅動', '2020-05-04 23:14:00', '2020-05-04 23:14:00'),
(20, 'SRH1840', 'sh11.png', 8, 'Shure', '1', 15500, 100, 50, 5, 0, '這款後腔封閉式包耳設計的無線耳機採用了藍牙4.0技術和aptX兼容技術，能夠傳輸真正的高保真聲音信號', '268公克', '動圈式', '10 - 30000 Hz', '96dB/mW', '3.5 mm', '無', '無', '無防水', '40毫米釹磁鐵驅動', '2020-05-04 23:14:00', '2020-05-04 23:14:00'),
(21, 'SRH240A', 'sh12.png', 8, 'Shure', '1', 2000, 80, 20, 5, 0, 'Sennheiser HD 5系列在各個方面都提供高質量和價值。採用Sennheiser專屬換能器技術', '238公克', '動圈式', '20 – 20,000 Hz', '107dB/mW', '3.5 mm', '無', '無', '無防水', '全封閉式設計', '2020-05-04 23:14:00', '2020-05-04 23:14:00'),
(22, 'SRH440', 'sh13.png', 8, 'Shure', '1', 2800, 200, 50, 5, 0, ' HD 200 PRO 能夠為每一種監聽需求和資金預算需求提供細膩強勁的聲音監聽', '272公克', '動圈式', '10 – 20,000 Hz', '105dB/mW', '3.5 mm', '無', '無', '無防水', '全封閉式設計', '2020-05-04 23:14:00', '2020-05-04 23:14:00'),
(23, 'SRH550DJ', 'sh14.png', 8, 'Shure', '1', 3600, 100, 20, 5, 0, '具有完美設計的這款旅行系列頭戴耳麥凝聚了Sennheiser在聲音和音頻技術上的品質體現', '235公克', '動圈式', '05 - 22000 Hz', '109dB/mW', '3.5 mm', '無', '無', '無防水', '50毫米釹磁體動圈', '2020-05-04 23:14:00', '2020-05-04 23:14:00'),
(24, 'SRH750DJ', 'sh15.png', 3, 'Shure', '1', 3850, 50, 10, 5, 0, '插入具有開放包耳式設計以及高級Sennheiser換能器系統的HD 559，它將為你帶來卓越的聲音體驗', '227公克', '動圈式', '05 - 30000 Hz', '106dB/mW', '3.5 mm', '無', '無', '無防水', '全封閉式設計', '2020-05-04 23:14:00', '2020-05-04 23:14:00'),
(25, 'SRH840', 'sh16.png', 8, 'Shure', '1', 5500, 100, 20, 5, 0, '採用封閉包耳式設計的HD 569為家庭娛樂領域帶來靈活選項。它提供了一個細節豐富而清晰的低音，', '318公克', '動圈式', '05 - 25000 Hz', '102dB/mW', '3.5 mm', '無', '無', '無防水', '全封閉式降噪', '2020-05-04 23:14:00', '2020-05-04 23:14:00'),
(26, 'SRH940', 'sh17.png', 9, 'Shure', '1', 10400, 50, 10, 5, 0, 'HD 579提供高端性能，為家庭娛樂帶來近乎高保真的聲音水平', '320公克', '動圈式', '05 - 30000 Hz', '100dB/mW', '3.5 mm', '無', '無', '無防水', '全封閉式降噪', '2020-05-04 23:14:00', '2020-05-04 23:14:00'),
(27, 'MDR_XB650BT', 'sn1.png', 8, 'SONY', '2', 4990, 50, 5, 5, 0, '當代設計既富有吸引力，也符合人體工學。對於那些帶著發現探索精神去聽音樂的人來說', '190公克', '動圈式', '20 – 20,000 Hz', '95dB/mW', '藍牙', '充電式', '30小時', '無防水', '麥克風', '2020-05-04 23:14:00', '2020-05-04 23:14:00'),
(28, 'MDR_XB950B1', 'sn2.png', 8, 'SONY', '2', 5990, 60, 10, 5, 0, '堅固的折疊設計讓這款耳機堅固緊湊，能夠隨身攜帶', '280公克', '動圈式', '20 – 20,000 Hz', '95dB/mW', '藍牙', '充電式', '18小時', '無防水', '全封閉式降噪', '2020-05-04 23:14:00', '2020-05-04 23:14:00'),
(29, 'MDR_XB950N1', 'sn3.png', 8, 'SONY', '2', 7490, 20, 5, 5, 0, 'HD 800 作為一代經典，它不但提供自然的聲音和真實的細節', '290公克', '動圈式', '20 – 20,000 Hz', '100dB/mW', '藍牙', '充電式', '22小時', '無防水', '全封閉式降噪', '2020-05-04 23:14:00', '2020-05-04 23:14:00'),
(30, 'MDR_H600A', 'sn4.png', 8, 'SONY', '1', 5490, 137, 123, 5, 0, '遊戲專用耳機麥克風組 體驗廣闊空間感的開放音色 令人置身於遊戲世界中的開放式電競用耳機', '220公克', '動圈式', '05 – 60,000 Hz', '103dB/mW', '3.5 mm', '無', '無', '無防水', '麥克風', '2020-05-04 23:14:00', '2020-05-04 23:14:00'),
(31, 'WH_XB700', 'sn5.png', 8, 'SONY', '2', 4490, 56, 395, 5, 0, '遊戲專用耳機麥克風組 承繼針對專業取向的耳機與麥克風的設計概念 出乎想像的深入遊戲體驗', '195公克', '動圈式', '20 – 16.000 Hz', '103dB/mW', '藍牙', '充電式', '30小時', '無防水', '內建麥克風可', '2020-05-04 23:14:00', '2020-05-04 23:14:00'),
(32, 'WH_XB900N', 'sn6.png', 8, 'SONY', '2', 7490, 98, 279, 5, 0, '遊戲專用無線耳機麥克風組 承繼針對專業取向的耳機與麥克風的設計概念 出乎想像的深入遊戲體驗', '254公克', '動圈式', '20 – 40,000 Hz', '103dB/mW', '藍牙', '充電式', '30小時', '無防水', '觸控感應面板', '2020-05-04 23:14:00', '2020-05-04 23:14:00'),
(33, 'WH_CH710N', 'sn7.png', 8, 'SONY', '2', 4990, 137, 395, 5, 0, '沉浸於黑檀演奏的優雅樂音 傳統的木製機殼耳機', '223公克', '動圈式', '07 –20,000 Hz?', '100dB/mW', '藍牙', '充電式', '35小時', '無防水', '免持通話.降噪功能', '2020-05-04 23:14:00', '2020-05-04 23:14:00'),
(34, 'WH_H810', 'sn8.png', 8, 'SONY', '2', 5980, 56, 123, 5, 0, '墜入淺田櫻的自然聲響之中 革新的木製機殼耳機', '180公克', '動圈式', '20 – 40,000 Hz', '100dB/mW', '藍牙', '充電式', '30小時', '無防水', '輕便可摺疊設計', '2020-05-04 23:14:00', '2020-05-04 23:14:00'),
(35, 'WH_H910N', 'sn9.png', 8, 'SONY', '2', 8990, 98, 279, 5, 0, '聲音與皮革， 匠人極致工藝的傳奇聯名再次降臨。', '251公克', '動圈式', '05 – 40,000 Hz', '100dB/mW', '藍牙', '充電式', '45小時', '無防水', '觸控面板.降噪', '2020-05-04 23:14:00', '2020-05-04 23:14:00'),
(36, 'WH_1000XM3', 'sn10.png', 8, 'SONY', '2', 10900, 137, 123, 5, 0, '機殼採用音響特性非常優越的天然條紋黑檀木材', '255公克', '動圈式', '04 – 40,000 Hz', '101dB/mW', '藍牙', '充電式', '30小時', '無防水', 'HD 降噪.觸控面板', '2020-05-04 23:14:00', '2020-05-04 23:14:00'),
(37, 'MDR_1AM2', 'sn11.png', 8, 'SONY', '1', 7990, 56, 395, 5, 0, '密閉式動圈型耳機 創造純淨至高音樂空間的一時之選', '187公克', '動圈式', '03-100000Hz', '98dB/mW', '3.5 mm', '無', '無', '無防水', '通話功能.40mm驅動', '2020-05-04 23:14:00', '2020-05-04 23:14:00'),
(38, 'MDR_Z7M2', 'sn12.png', 8, 'SONY', '1', 19900, 98, 279, 5, 0, '密閉式動圈型耳機 前往未知的感動 精緻的聲音與重現力', '340公克', '混合式', '04-100000Hz', '98dB/mW', '3.5 mm', '無', '無', '無防水', '高解析封閉式', '2020-05-04 23:14:00', '2020-05-04 23:14:00'),
(39, 'MDR_Z1R', 'sn13.png', 8, 'SONY', '1', 55900, 137, 395, 5, 0, '密閉式動圈型耳機 細微之處也毫無遺漏 呈現聲音的全貌', '385公克', '動鐵式', '04-120000Hz', '100dB/mW', '3.5 mm', '無', '無', '無防水', '70mm驅動單元', '2020-05-04 23:14:00', '2020-05-04 23:14:00'),
(40, 'IER_Z1R', 'sn14.png', 9, 'SONY', '3', 55900, 56, 123, 5, 0, '密閉式動圈型耳機 纖細而豐富 傳統的監聽聲響', '26公克', '動鐵式', '03-100000Hz', '103dB/mW', '3.5 mm', '無', '無', '無防水', '5mm+12mm驅動', '2020-05-04 23:14:00', '2020-05-04 23:14:00'),
(41, 'IER_M9', 'sn15.png', 8, 'SONY', '3', 35900, 98, 279, 5, 0, '無線抗噪耳機 獨創主動式抗噪技術與藍牙無線技術，能有效隔絕環境噪音。', '11公克', '動鐵式', '05 – 40,000 Hz', '103dB/mW', '3.5 mm', '無', '無', '無防水', 'Sony 原創BA 驅動單體', '2020-05-04 23:14:00', '2020-05-04 23:14:00'),
(42, 'IER_M7', 'sn16.png', 8, 'SONY', '3', 19900, 137, 123, 5, 0, '輕薄機身與厚實的低音 每天都想聆聽的 無線×耳罩式耳機', '9公克', '混合式', '05 – 40,000 Hz', '103dB/mW', '3.5 mm', '無', '無', '無防水', 'Sony 原創BA 驅動單體', '2020-05-04 23:14:00', '2020-05-04 23:14:00'),
(43, 'XBA_Z5', 'sn17.png', 8, 'SONY', '3', 20900, 56, 395, 5, 0, '連寂靜之處亦描繪於耳畔， 高精細度原音重現。', '11公克', '動圈式', '03 – 40,000 Hz', '107dB/mW', '3.5 mm', '無', '無', '無防水', 'HD 混和式驅動單體設計', '2020-05-04 23:14:00', '2020-05-04 23:14:00'),
(44, 'XBA_N3BP', 'sn18.png', 8, 'SONY', '3', 11900, 98, 279, 5, 0, '讓你隨時隨處 體驗高解析音質的絕佳聽感', '11公克', '混合式', '03 – 40,000 Hz', '107dB/mW', '3.5 mm', '無', '無', '無防水', 'LCPHD混合式驅動系統', '2020-05-04 23:14:00', '2020-05-04 23:14:00'),
(45, 'WF_1000XM3', 'sn19.png', 8, 'SONY', '4', 7490, 137, 395, 5, 0, '承襲 MSR7 優異聲音表現，加以強化的限定版機種', '8.5公克', '動圈式', '20 – 20,000 Hz', '107dB/mW', '藍牙', '充電式', '6小時', '無防水', '主動式降噪.麥克風', '2020-05-04 23:14:00', '2020-05-04 23:14:00'),
(46, 'AMBEO_SMART_HEADSET', 'se1.png', 9, 'Senheier', '3', 9900, 56, 123, 5, 0, '集結獨創的音響技術 鉅細靡遺傳遞真實音色的高解析度', '30公克', '動圈式', '15-22,000Hz', '112 dB', '3.5mm', '無', '無', '無防水', '3D錄音效果', '2020-05-04 23:14:00', '2020-05-04 23:14:00'),
(47, 'CX_1.00', 'se2.png', 8, 'Senheier', '3', 1980, 98, 279, 5, 0, '繼往開來的獨家音響設計，實現純正的高解析音質播放', '10公克', '動圈式', '17Hz - 20kHz', '100dB', '無', '無', '無', '無防水', '舒適性', '2020-05-04 23:14:00', '2020-05-04 23:14:00'),
(48, 'CX_150BT', 'se3.png', 8, 'Senheier', '3', 2490, 137, 123, 5, 0, '高解析音質播放，忠實重現原音', '12公克', '動圈式', '17–20,000 Hz', '112 dB', '無', '充電式', '10小時', '無防水', '可同時連接兩台設備', '2020-05-04 23:14:00', '2020-05-04 23:14:00'),
(49, 'GAME_ONE', 'se4.png', 8, 'Senheier', '1', 9900, 56, 395, 5, 0, '高解析音質播放，忠實重現原音', '300 公克', '動圈式', '15-28,000Hz', '116dB', 'UNP單端耳機線 (1.2 m)', '無', '無', '無防水', '遊戲用', '2020-05-04 23:14:00', '2020-05-04 23:14:00'),
(50, 'GAME_ZERO', 'se5.png', 8, 'Senheier', '1', 11000, 98, 279, 5, 0, '播放鮮明聲響的高音質表現', '300 公克', '動圈式', '15-28,000Hz', '108dB', 'UNP單端耳機線 (1.2 m)', '無', '無', '無防水', '遊戲用', '2020-05-04 23:14:00', '2020-05-04 23:14:00'),
(51, 'GSP_300', 'se6.png', 8, 'Senheier', '1', 2990, 137, 395, 5, 0, '播放鮮明聲響的高音質表現', '290 公克', '動圈式', '15-26,000Hz', '113dB', '3.5mm', '無', '無', '無防水', '降噪', '2020-05-04 23:14:00', '2020-05-04 23:14:00'),
(52, 'GSP_370', 'se7.png', 8, 'Senheier', '1', 6990, 56, 123, 5, 0, '播放鮮明聲響的高音質表現', '285 公克', '動圈式', '20–20,000 Hz', '117 dB', '藍牙', '充電式', '100小時', '無防水', '降噪', '2020-05-04 23:14:00', '2020-05-04 23:14:00'),
(53, 'GSP_500', 'se8.png', 8, 'Senheier', '1', 7490, 98, 279, 5, 0, '播放鮮明聲響的高音質表現', '358 公克', '動圈式', '10-30,000Hz', '107dB', '2.5 m', '無', '無', '無防水', '降噪', '2020-05-04 23:14:00', '2020-05-04 23:14:00'),
(54, 'GSP_550', 'se9.png', 8, 'Senheier', '1', 8690, 137, 123, 5, 0, '輕量&小型化仍具備強而有力音效', '358 公克', '動圈式', '10-30,000Hz', '107dB', '1.2 m USB', '無', '無', '無防水', '環繞音效', '2020-05-04 23:14:00', '2020-05-04 23:14:00'),
(55, 'HD_2.10', 'se10.png', 8, 'Senheier', '1', 2190, 56, 395, 5, 0, '輕量&小型化仍具備強而有力音效', '85公克', '動圈式', '14- 18,000 Hz', '110dB', '3.5 mm', '無', '無', '無防水', '封閉隔音', '2020-05-04 23:14:00', '2020-05-04 23:14:00'),
(56, 'HD_2.20s', 'se11.png', 8, 'Senheier', '1', 2800, 98, 279, 5, 0, '輕量&小型化仍具備強而有力音效', '246 公克', '動圈式', '14- 18,000 Hz', '112 dB', '3.5 mm', '無', '無', '無防水', '封閉隔音', '2020-05-04 23:14:00', '2020-05-04 23:14:00'),
(57, 'HD_2.30', 'se12.png', 8, 'Senheier', '1', 3550, 137, 395, 5, 0, '輕量&小型化仍具備強而有力音效', '262 公克', '動圈式', '18 Hz – 22000 Hz', '115dB', '3.5mm 直式插頭', '無', '無', '無防水', '封閉隔音', '2020-05-04 23:14:00', '2020-05-04 23:14:00'),
(58, 'HD_25_Light', 'se13.png', 8, 'Senheier', '1', 4500, 56, 123, 5, 0, '最適合上街使用的單邊出線風格 可體驗通話與操作樂趣的智慧型手機支援機種', '120 公克', '動圈式', '16Hz - 22000Hz', '120 dB', '3.5 轉 6.3 mm 轉接插頭', '無', '無', '無防水', '輕量化設計', '2020-05-04 23:14:00', '2020-05-04 23:14:00'),
(59, 'HD_26_PRO', 'se14.png', 8, 'Senheier', '1', 12800, 98, 279, 5, 0, '最適合上街使用的單邊出線風格 可體驗通話與操作樂趣的智慧型手機支援機種', '180 公克', '動圈式', '20Hz-18.000Hz', '115 dB', '3.5 轉 6.3 mm 螺旋式接頭', '無', '無', '無防水', '可翻轉的耳殼', '2020-05-04 23:14:00', '2020-05-04 23:14:00'),
(60, 'MOMENTUM_On_Ear_M2', 'se15.png', 8, 'Senheier', '1', 9100, 150, 55, 5, 0, '高解析音質播放，忠實重現原音', '120 公克', '動圈式', '16 Hz – 22000 Hz', '112 dB', '3.5mm 直角插頭', '無', '無', '無防水', '三鍵線控', '2020-05-04 23:14:00', '2020-05-04 23:14:00'),
(61, 'ATH_ANC500BT', 'ath1.png', 8, 'audio_technica', '2', 4000, 150, 55, 5, 0, '高解析音質播放，忠實重現原音', '180 公克', '密閉式動圈型', '20∼20,000 Hz', '96dB', '3.5 mm', '充電式', '20 小時', '無防水', '獨創主動式抗噪技術與藍牙無線技術，能有效隔絕環境噪音', '2020-05-04 23:14:00', '2020-05-04 23:14:00'),
(62, 'ATH_AP2000Ti', 'ath2.png', 8, 'audio_technica', '1', 4600, 150, 55, 5, 0, '播放鮮明聲響的高音質表現', '300公克', '密閉式動圈型', '5∼50,000Hz', '100dB', '3.5mm', '無', '無', '無防水', '便攜型耳罩式耳機 連寂靜之處亦描繪於耳畔， 高精細度原音重現', '2020-05-04 23:14:00', '2020-05-04 23:14:00'),
(63, 'ATH_AWAS', 'ath3.png', 1, 'audio_technica', '1', 38900, 150, 55, 5, 0, '播放鮮明聲響的高音質表現', '395公克', '密閉式動圈型', '5∼42,000Hz', '99dB', '6.3mm', '無', '無', '無防水', '墜入淺田櫻的自然聲響之中 革新的木製機殼耳機', '2020-05-04 23:14:00', '2020-05-04 23:14:00'),
(64, 'ATH_AWKT', 'ath4.png', 8, 'audio_technica', '1', 54700, 143, 55, 5, 0, '播放鮮明聲響的高音質表現', '405公克', '密閉式動圈型', '5~45,000Hz', '102dB', '6.3mm', '無', '無', '無防水', '沉浸於黑檀演奏的優雅樂音 傳統的木製機殼耳機', '2020-05-04 23:14:00', '2020-05-04 23:14:00'),
(65, 'ATH_G1', 'ath5.png', 8, 'audio_technica', '1', 6000, 143, 55, 5, 0, '播放鮮明聲響的高音質表現', '250公克', '密閉動圈型', '5∼40,000Hz', '101dB', '3.5mm', '無', '無', '無防水', '承繼針對專業取向的耳機與麥克風的設計概念 出乎想像的深入遊戲體驗', '2020-05-04 23:14:00', '2020-05-04 23:14:00'),
(66, 'ATH_G1WL', 'ath6.png', 8, 'audio_technica', '2', 9900, 143, 75, 5, 0, '輕量&小型化仍具備強而有力音效', '290公克', '密閉動圈型', '5∼40,000Hz', '101dB', 'USB', '充電式', '15小時', '無防水', '承繼針對專業取向的耳機與麥克風的設計概念 出乎想像的深入遊戲體驗', '2020-05-04 23:14:00', '2020-05-04 23:14:00'),
(67, 'ATH_L5000', 'ath7.png', 3, 'audio_technica', '1', 13850, 143, 75, 5, 0, '輕量&小型化仍具備強而有力音效', '480公克', '密閉式動圈型', '5∼50,000Hz', '100dB', '6.3mm', '無', '無', '無防水', '聲音與皮革， 匠人極致工藝的傳奇聯名再次降臨', '2020-05-04 23:14:00', '2020-05-04 23:14:00'),
(68, 'ATH_LS200', 'ath8.png', 1, 'audio_technica', '3', 10000, 143, 75, 5, 0, '輕量&小型化仍具備強而有力音效', '6 公克', '動圈型', '20∼16,000Hz', '110dB', '3.5mm', '無', '無', '無防水', '從高亢聲線到活力十足的音場均能良好描繪', '2020-05-04 23:14:00', '2020-05-04 23:14:00'),
(69, 'ATH_LS50_BK', 'ath9.png', 8, 'audio_technica', '3', 2800, 143, 90, 5, 0, '輕量&小型化仍具備強而有力音效', '6.5 公克', '動圈型', '5∼25,000Hz', '103dB', '3.5mm', '無', '無', '無防水', '同時呈現強韌低頻以及清澈中高頻的雙動圈設計耳機', '2020-05-04 23:14:00', '2020-05-04 23:14:00'),
(70, 'ATH_LS50_NV', 'ath10.png', 5, 'audio_technica', '3', 2800, 75, 90, 5, 0, '最適合上街使用的單邊出線風格 可體驗通話與操作樂趣的智慧型手機支援機種', '6.5 公克', '動圈型', '5∼25,000Hz', '103dB', '3.5mm', '無', '無', '無防水', '同時呈現強韌低頻以及清澈中高頻的雙動圈設計耳機', '2020-05-04 23:14:00', '2020-05-04 23:14:00'),
(71, 'ATH_LS50_RD', 'ath11.png', 1, 'audio_technica', '3', 2800, 75, 90, 5, 0, '最適合上街使用的單邊出線風格 可體驗通話與操作樂趣的智慧型手機支援機種', '6.5 公克', '動圈型', '5∼25,000Hz', '103dB', '3.5mm', '無', '無', '無防水', '同時呈現強韌低頻以及清澈中高頻的雙動圈設計耳機', '2020-05-04 23:14:00', '2020-05-04 23:14:00'),
(72, 'ATH_LS50_YL', 'ath12.png', 3, 'audio_technica', '3', 2800, 75, 90, 5, 0, '高解析音質播放，忠實重現原音', '6.5 公克', '動圈型', '5∼25,000Hz', '103dB', '3.5mm', '無', '無', '無防水', '同時呈現強韌低頻以及清澈中高頻的雙動圈設計耳機', '2020-05-04 23:14:00', '2020-05-04 23:14:00'),
(73, 'ATH_PDG1a', 'ath13.png', 1, 'audio_technica', '1', 5000, 75, 90, 5, 0, '高解析音質播放，忠實重現原音', '225公克', '開放式動圈型', '20∼20,000Hz', '92dB', '3.5mm', '無', '無', '無防水', '體驗廣闊空間感的開放音色 令人置身於遊戲世界中的開放式電競用耳機', '2020-05-04 23:14:00', '2020-05-04 23:14:00'),
(74, 'ATH_SR50', 'ath14.png', 8, 'audio_technica', '1', 6100, 75, 90, 5, 0, '播放鮮明聲響的高音質表現', '229公克', '密閉式動圈型', '5∼45,000Hz', '100dB', '3.5mm', '無', '無', '無防水', '便攜式耳罩式耳機 讓你隨時隨處 體驗高解析音質的絕佳聽感', '2020-05-04 23:14:00', '2020-05-04 23:14:00'),
(75, 'ATH_WS330BT', 'ath15.png', 8, 'audio_technica', '2', 4200, 75, 90, 5, 0, '播放鮮明聲響的高音質表現', '167公克', '密閉式動圈型', '5∼35,000Hz', '108dB', 'USB', '充電式', '70小時', '無防水', '輕薄機身與厚實的低音 每天都想聆聽的 無線×耳罩式耳機', '2020-05-04 23:14:00', '2020-05-04 23:14:00'),
(76, 'K350', 'akg1.png', 8, 'AKG', '3', 1600, 85, 52, 5, 0, '播放鮮明聲響的高音質表現', '3公克', '動圈式', '12Hz ~ 23.5KHz', '121 dB SPL/V', '3.5mm', '無', '無', '無防水', '輕量級/蘋果專用', '2020-05-04 23:14:00', '2020-05-04 23:14:00'),
(77, 'K451', 'akg2.png', 8, 'AKG', '1', 3900, 85, 52, 5, 0, '播放鮮明聲響的高音質表現', '120公克', '動圈式', '11Hz ~ 29.5KHz', '126 dB SPL/V', '3.5mm', '無', '無', '無防水', '麥克風/蘋果專用\n/可拆式耳機線', '2020-05-04 23:14:00', '2020-05-04 23:14:00'),
(78, 'N25', 'akg3.png', 8, 'AKG', '3', 4900, 85, 52, 5, 0, '輕量&小型化仍具備強而有力音效', '15公克', '雙動圈單體', '20Hz ~ 40KHz', '92 dB SPL/V', '3.5mm', '無', '無', '無防水', '雙單體', '2020-05-04 23:14:00', '2020-05-04 23:14:00'),
(79, 'N30', 'akg4.png', 8, 'AKG', '3', 8900, 85, 52, 5, 0, '輕量&小型化仍具備強而有力音效', '19.5公克', '平衡及動圈混和', '20Hz ~ 40KHz', '101 dB SPL/V', '3.5mm', '無', '無', '無防水', '混和式單體/麥克風\n/可拆式耳機線', '2020-05-04 23:14:00', '2020-05-04 23:14:00'),
(80, 'N40', 'akg5.png', 8, 'AKG', '3', 9900, 85, 52, 5, 0, '輕量&小型化仍具備強而有力音效', '22公克', '平衡及動圈混和', '10~40KHz', '115 dB SPL/V', '3.5mm', '無', '無', '無防水', '混和式單體/麥克風\n/可拆式耳機線', '2020-05-04 23:14:00', '2020-05-04 23:14:00'),
(81, 'N60NC Wireless', 'akg6.png', 8, 'AKG', '2', 7900, 45, 52, 5, 0, '輕量&小型化仍具備強而有力音效', '211公克', '平衡及動圈混和', '10Hz ~ 22KHz', '111 dB SPL/V', '3.5mm/無線藍牙4.0', 'USB充電', '15小時', '無防水', '可折疊', '2020-05-04 23:14:00', '2020-05-04 23:14:00'),
(82, 'N90QLE', 'akg7.png', 3, 'AKG', '2', 11999, 40, 52, 5, 0, '最適合上街使用的單邊出線風格 可體驗通話與操作樂趣的智慧型手機支援機種', '460公克', '動圈式', '10Hz ~ 25KHz', '110dB SPL', '3.5mm/無線藍牙', 'USB充電', '11小時', '無防水', '「TruNote」自動校準\n/主動降噪', '2020-05-04 23:14:00', '2020-05-04 23:14:00'),
(83, 'N400NC Wireless', 'akg8.png', 8, 'AKG', '2', 6000, 40, 44, 5, 0, '最適合上街使用的單邊出線風格 可體驗通話與操作樂趣的智慧型手機支援機種', '7.7公克', '動圈式', '10 Hz-20 kHz', '96 dBSPL', '無線藍牙5.0', 'USB-C充電', '6小時', '可防水', '主動降噪/觸控式', '2020-05-04 23:14:00', '2020-05-04 23:14:00'),
(84, 'N700NCBT', 'akg9.png', 9, 'AKG', '2', 10900, 40, 85, 5, 0, '高解析音質播放，忠實重現原音', '270公克', '動圈式', '10 Hz-20 kHz', '110 dB dB SPL/ V', '無線藍牙4.1', 'USB充電', '36小時', '無防水', '主動降噪/麥克風', '2020-05-04 23:14:00', '2020-05-04 23:14:00'),
(85, 'N5005', 'akg10.png', 8, 'AKG', '4', 29900, 40, 44, 5, 0, '高解析音質播放，忠實重現原音', '11.4公克', '平衡及動圈混和', '10Hz ~ 40KHz', '116dB SPL / V', '3.5mm/無線藍牙4.1', 'USB充電', '8 小時', '無防水', '混和式單體\n/可拆式耳機線', '2020-05-04 23:14:00', '2020-05-04 23:14:00'),
(86, 'Y23U', 'akg11.png', 9, 'AKG', '1', 1800, 40, 85, 5, 0, '播放鮮明聲響的高音質表現', '12.85公克', '動圈式', '20Hz?20kHz', '98dB SPL / V', '3.5mm', '無', '無', '無防水', '超小單體/麥克風', '2020-05-04 23:14:00', '2020-05-04 23:14:00'),
(87, 'Y50', 'akg12.png', 8, 'AKG', '3', 2490, 40, 85, 5, 0, '播放鮮明聲響的高音質表現', '190公克', '動圈式', '16Hz ~ 24KHz', '115 dB SPL/V', '3.5mm', '無', '無', '無防水', '3D-Axis轉軸/麥克風\n/可拆式耳機線', '2020-05-04 23:14:00', '2020-05-04 23:14:00'),
(88, 'Y45BT', 'akg13.png', 8, 'AKG', '4', 5000, 40, 85, 5, 0, '播放鮮明聲響的高音質表現', '245公克', '動圈式', '17Hz ~ 20KHz', '120 dB SPL/V', '3.5mm/無線藍牙3.0', 'USB充電', '20小時', '無防水', '3D-Axis轉軸\n/usb快速充電', '2020-05-04 23:14:00', '2020-05-04 23:14:00'),
(89, 'Y100BT', 'akg14.png', 8, 'AKG', '2', 2490, 40, 85, 5, 0, '播放鮮明聲響的高音質表現', '24公克', '動圈式', '20 Hz-20 kHz', '115 dB SPL / V', '無線藍牙4.2', 'USB充電', '8小時', '無防水', '環境感知/麥克風', '2020-05-04 23:14:00', '2020-05-04 23:14:00'),
(90, 'Y500BT', 'akg15.png', 8, 'AKG', '4', 4990, 40, 85, 5, 0, '輕量&小型化仍具備強而有力音效', '230公克', '動圈式', '16Hz-22kHz', '117dB SPL/V', '3.5mm/無線藍牙4.2', 'USB充電', '33小時', '無防水', '環境感知/快速充電\n/麥克風', '2020-05-04 23:14:00', '2020-05-04 23:14:00'),
(91, 'D8000', 'f1.png', 8, 'Final', '1', 120000, 85, 44, 5, 0, '輕量&小型化仍具備強而有力音效', '523公克', '動圈式', '05 – 60,000 Hz', '98dB/mW', '3.5 mm', '無', '無', '無防水', 'AFDS場極式平面單元', '2020-05-04 23:14:00', '2020-05-04 23:14:00'),
(92, 'D8000 Pro Edition', 'f2.png', 9, 'Final', '1', 130000, 85, 44, 5, 0, '輕量&小型化仍具備強而有力音效', '523公克', '動圈式', '05 – 60,000 Hz', '98dB/mW', '3.5 mm', '無', '無', '無防水', 'AFDS場極式平面單元', '2020-05-04 23:14:00', '2020-05-04 23:14:00'),
(93, 'SONOROUS II', 'f3.png', 8, 'Final', '1', 7350, 85, 44, 5, 0, '輕量&小型化仍具備強而有力音效', '410公克', '動圈式', '05 - 30000 Hz', '105dB/mW', '3.5 mm', '無', '無', '無防水', '50mmΦ dynamic', '2020-05-04 23:14:00', '2020-05-04 23:14:00'),
(94, 'SONOROUS III', 'f4.png', 8, 'Final', '1', 13000, 85, 44, 5, 0, '最適合上街使用的單邊出線風格 可體驗通話與操作樂趣的智慧型手機支援機種', '410公克', '動圈式', '05 – 60,000 Hz', '105dB/mW', '3.5 mm', '無', '無', '無防水', '50mmΦ dynamic', '2020-05-04 23:14:00', '2020-05-04 23:14:00'),
(95, 'SONOROUS IV', 'f5.png', 8, 'Final', '1', 16000, 85, 44, 5, 0, '最適合上街使用的單邊出線風格 可體驗通話與操作樂趣的智慧型手機支援機種', '410公克', '動圈式', '03 – 40,000 Hz', '105dB/mW', '3.5 mm', '無', '無', '無防水', '50mmΦ dynamic + balanced armature\n', '2020-05-04 23:14:00', '2020-05-04 23:14:00'),
(96, 'SONOROUS VI', 'f6.png', 8, 'Final', '1', 20000, 85, 44, 5, 0, '高解析音質播放，忠實重現原音', '270公克', '動圈式', '05 – 60,000 Hz', '105dB/mW', '3.5 mm', '無', '無', '無防水', '50mmΦ dynamic', '2020-05-04 23:14:00', '2020-05-04 23:14:00'),
(97, 'SONOROUS VIII', 'f7.png', 3, 'Final', '1', 58000, 85, 44, 5, 0, '高解析音質播放，忠實重現原音', '270公克', '動圈式', '05 – 60,000 Hz', '105dB/mW', '3.5 mm', '無', '無', '無防水', '50mmΦ dynamic', '2020-05-04 23:14:00', '2020-05-04 23:14:00'),
(98, 'SONOROUS X', 'f8.png', 3, 'Final', '1', 128000, 85, 44, 5, 0, '播放鮮明聲響的高音質表現', '630公克', '動圈式', '05 – 60,000 Hz', '105dB/mW', '3.5 mm', '無', '無', '無防水', '50mmΦ dynamic', '2020-05-04 23:14:00', '2020-05-04 23:14:00'),
(99, 'A8000', 'f9.png', 9, 'Final', '3', 59000, 75, 44, 5, 0, '播放鮮明聲響的高音質表現', '41公克', '動圈式', '03 – 40,000 Hz', '102dB/mW', '3.5 mm', '無', '無', '無防水', 'OFC高純度無氧鍍銀線材', '2020-05-04 23:14:00', '2020-05-04 23:14:00'),
(100, 'E1000C', 'f10.png', 8, 'Final', '3', 900, 75, 44, 5, 0, '播放鮮明聲響的高音質表現', '15公克', '動圈式', '4 – 40,000 Hz', '102dB/mW', '3.5 mm', '無', '無', '無防水', '6.4mmΦ動圈驅動單元', '2020-05-04 23:14:00', '2020-05-04 23:14:00'),
(101, 'E2000C', 'f11.png', 8, 'Final', '3', 1500, 75, 44, 5, 0, '播放鮮明聲響的高音質表現', '13公克', '動圈式', '5 – 40,000 Hz', '102dB/mW', '3.5 mm', '無', '無', '無防水', '6.4mmΦ動圈驅動單元', '2020-05-04 23:14:00', '2020-05-04 23:14:00'),
(102, 'E3000C', 'f12.png', 9, 'Final', '3', 1800, 75, 44, 5, 0, '輕量&小型化仍具備強而有力音效', '15公克', '動圈式', '6 – 40,000 Hz', '100dB/mW', '3.5 mm', '無', '無', '無防水', '6.4mmΦ動圈驅動單元', '2020-05-04 23:14:00', '2020-05-04 23:14:00'),
(103, 'E4000', 'f13.png', 8, 'Final', '3', 3950, 75, 44, 5, 0, '輕量&小型化仍具備強而有力音效', '18公克', '動圈式', '7 – 40,000 Hz', '97dB/mW', '3.5 mm', '無', '無', '無防水', '6.4mmΦ動圈驅動單元', '2020-05-04 23:14:00', '2020-05-04 23:14:00'),
(104, 'F4100', 'f14.png', 8, 'Final', '3', 8900, 75, 44, 5, 0, '輕量&小型化仍具備強而有力音效', '12公克', '動鐵式', '8 – 40,000 Hz', '106dB/mW', '3.5 mm', '無', '無', '無防水', '6.4mmΦ動圈驅動單元', '2020-05-04 23:14:00', '2020-05-04 23:14:00'),
(105, 'F7200', 'f15.png', 9, 'Final', '3', 15000, 75, 44, 5, 0, '輕量&小型化仍具備強而有力音效', '23公克', '動鐵式', '9 – 40,000 Hz', '106dB/mW', '3.5 mm', '無', '無', '無防水', '6.4mmΦ動圈驅動單元', '2020-05-04 23:14:00', '2020-05-04 23:14:00'),
(106, 'sr125e', 'g1.png', 8, 'Grado', '3', 8900, 75, 50, 5, 0, '播放鮮明聲響的高音質表現', '385公克', '動鐵式', '20 - 20,000 hz', '99.8 dB/mw', '3.5 mm', '無', '無', '無防水', '6.5mmΦ動圈驅動單元', '2020-05-05 23:14:00', '2020-05-05 23:14:00'),
(107, 'SR60e', 'g2.png', 8, 'Grado', '3', 7490, 75, 50, 5, 0, '播放鮮明聲響的高音質表現', '386公克', '動鐵式', '21 - 20,000 hz', '99.8 dB/mw', '3.5 mm', '無', '無', '無防水', '6.6mmΦ動圈驅動單元', '2020-05-06 23:14:00', '2020-05-06 23:14:00'),
(108, 'SR80e', 'g3.png', 8, 'Grado', '3', 8900, 75, 50, 5, 0, '播放鮮明聲響的高音質表現', '387公克', '動鐵式', '22 - 20,000 hz', '99.8 dB/mw', '3.5 mm', '無', '無', '無防水', '6.7mmΦ動圈驅動單元', '2020-05-07 23:14:00', '2020-05-07 23:14:00'),
(109, 'gs3000e', 'g4.png', 8, 'Grado', '3', 8900, 75, 50, 5, 0, '播放鮮明聲響的高音質表現', '388公克', '動鐵式', '20 - 20,000 hz', '102dB/mW', '3.5 mm', '無', '無', '無防水', '6.8mmΦ動圈驅動單元', '2020-05-08 23:14:00', '2020-06-17 18:31:33'),
(110, 'gs2000e', 'g5.png', 8, 'Grado', '3', 15000, 75, 50, 5, 0, '輕量&小型化仍具備強而有力音效', '389公克', '動鐵式', '20 - 20,000 hz', '102dB/mW', '3.5 mm', '無', '無', '無防水', '6.9mmΦ動圈驅動單元', '2020-05-09 23:14:00', '2020-05-09 23:14:00'),
(111, 'gs1000e', 'g6.png', 8, 'Grado', '3', 15000, 75, 50, 5, 0, '輕量&小型化仍具備強而有力音效', '390公克', '動鐵式', '20 - 20,000 hz', '102dB/mW', '3.5 mm', '無', '無', '無防水', '6.10mmΦ動圈驅動單元', '2020-05-10 23:14:00', '2020-05-10 23:14:00'),
(112, 'ps500e', 'g7.png', 8, 'Grado', '3', 15000, 75, 50, 5, 0, '輕量&小型化仍具備強而有力音效', '391公克', '動鐵式', '14 - 28,000 hz', '105dB/mW', '3.5 mm', '無', '無', '無防水', '6.11mmΦ動圈驅動單元', '2020-05-11 23:14:00', '2020-05-11 23:14:00'),
(113, 'ps1000e', 'g8.png', 8, 'Grado', '3', 8900, 75, 50, 5, 0, '輕量&小型化仍具備強而有力音效', '392公克', '動鐵式', '14 - 28,000 hz', '105dB/mW', '3.5 mm', '無', '無', '無防水', '6.12mmΦ動圈驅動單元', '2020-05-12 23:14:00', '2020-05-12 23:14:00'),
(114, 'ps2000e', 'g9.png', 8, 'Grado', '3', 7490, 75, 50, 5, 0, '輕量&小型化仍具備強而有力音效', '393公克', '動鐵式', '14 - 28,000 hz', '105dB/mW', '3.5 mm', '無', '無', '無防水', '6.13mmΦ動圈驅動單元', '2020-05-13 23:14:00', '2020-05-13 23:14:00'),
(115, 'gw100', 'g10.png', 8, 'Grado', '3', 8900, 75, 50, 5, 0, '輕量&小型化仍具備強而有力音效', '394公克', '動鐵式', '14 - 28,000 hz', '105dB/mW', '3.5 mm', '無', '無', '無防水', '6.14mmΦ動圈驅動單元', '2020-05-14 23:14:00', '2020-05-14 23:14:00');

-- --------------------------------------------------------

--
-- 資料表結構 `items_color`
--

CREATE TABLE `items_color` (
  `coid` tinyint(20) NOT NULL COMMENT '顏色號碼',
  `colorname` varchar(20) COLLATE utf8mb4_unicode_ci NOT NULL COMMENT '顏色名字',
  `colorunicode` varchar(20) COLLATE utf8mb4_unicode_ci NOT NULL COMMENT '顏色代碼'
) ENGINE=InnoDB DEFAULT CHARSET=utf8mb4 COLLATE=utf8mb4_unicode_ci COMMENT='顏色區分表';

--
-- 傾印資料表的資料 `items_color`
--

INSERT INTO `items_color` (`coid`, `colorname`, `colorunicode`) VALUES
(1, '真朱红', '#AB3B3A'),
(2, '黄丹橘', '#F05E1C'),
(3, '花葉黃', '#FFC408'),
(4, '青丹綠', '#516E41'),
(5, '千草藍', '#255359'),
(6, '桔梗紫', '#6A4C9C'),
(7, '胡粉白', '#BDC0BA'),
(8, '碳呂黑', '#0C0C0C'),
(9, '單純白', '#fff');

-- --------------------------------------------------------

--
-- 資料表結構 `items_type`
--

CREATE TABLE `items_type` (
  `typeid` tinyint(10) NOT NULL COMMENT '類型編號',
  `typename` varchar(30) COLLATE utf8mb4_unicode_ci NOT NULL COMMENT '類型名稱'
) ENGINE=InnoDB DEFAULT CHARSET=utf8mb4 COLLATE=utf8mb4_unicode_ci COMMENT='類型表';

--
-- 傾印資料表的資料 `items_type`
--

INSERT INTO `items_type` (`typeid`, `typename`) VALUES
(1, '有線耳罩式'),
(2, '無線耳罩式'),
(3, '有線入耳式'),
(4, '無線入耳式'),
(5, '有線耳道式'),
(6, '無線耳道式'),
(7, '有線耳塞式'),
(8, '無線耳塞式'),
(9, '有線耳掛式'),
(10, '無線耳掛式');

-- --------------------------------------------------------

--
-- 資料表結構 `manager`
--

CREATE TABLE `manager` (
  `mid` int(11) NOT NULL COMMENT '流水號',
  `managername` varchar(50) COLLATE utf8mb4_unicode_ci NOT NULL COMMENT '管理者名稱',
  `pwd` char(40) COLLATE utf8mb4_unicode_ci NOT NULL COMMENT '管理者密碼',
  `name` varchar(50) COLLATE utf8mb4_unicode_ci DEFAULT NULL COMMENT '姓名',
  `managericon` varchar(30) COLLATE utf8mb4_unicode_ci NOT NULL COMMENT '管理者頭像',
  `created_at` datetime NOT NULL DEFAULT current_timestamp() COMMENT '新增時間',
  `updated_at` datetime NOT NULL DEFAULT current_timestamp() ON UPDATE current_timestamp() COMMENT '更新時間'
) ENGINE=InnoDB DEFAULT CHARSET=utf8mb4 COLLATE=utf8mb4_unicode_ci COMMENT='使用者資料表';

--
-- 傾印資料表的資料 `manager`
--

INSERT INTO `manager` (`mid`, `managername`, `pwd`, `name`, `managericon`, `created_at`, `updated_at`) VALUES
(1, 'otis', 'bf92921799879f0614f259d5dd2ee97f403939db', 'otis_test', '', '2020-04-24 11:05:38', '2020-04-24 11:06:20');

-- --------------------------------------------------------

--
-- 資料表結構 `marketing`
--

CREATE TABLE `marketing` (
  `acId` int(3) NOT NULL COMMENT '活動ID',
  `acName` varchar(50) CHARACTER SET utf8mb4 COLLATE utf8mb4_unicode_ci NOT NULL COMMENT '活動名稱',
  `acDescription` varchar(200) CHARACTER SET utf8mb4 COLLATE utf8mb4_unicode_ci NOT NULL COMMENT '活動文案',
  `acImg` varchar(100) CHARACTER SET utf8mb4 COLLATE utf8mb4_unicode_ci DEFAULT NULL COMMENT '活動圖片',
  `strId` int(4) NOT NULL COMMENT '賣場編號',
  `newTime` datetime NOT NULL DEFAULT current_timestamp() COMMENT '新增時間',
  `updTime` datetime NOT NULL DEFAULT current_timestamp() ON UPDATE current_timestamp() COMMENT '更新時間'
) ENGINE=InnoDB DEFAULT CHARSET=utf8mb4;

--
-- 傾印資料表的資料 `marketing`
--

INSERT INTO `marketing` (`acId`, `acName`, `acDescription`, `acImg`, `strId`, `newTime`, `updTime`) VALUES
(1, '【噓🤫該搖滾了！】Marshall - Monitor II A.N.C. 藍牙無線抗噪耳罩式耳機', 'Marshall帶領著搖滾最前端，這次Monitor II A.N.C. 不僅要讓你High，也要你安靜中享受搖滾～～ ', '20200505114323.jpg', 1, '2020-05-05 17:43:23', '2020-05-05 17:52:43'),
(2, '【NEW!!】Shure AONIC 3 / 4 / 5 入耳式耳機', '按照Shure傳統，上次更新是好幾年前了～  現在更新後就出了高級蛋糕盒（誤  AONIC 3 一單體(小編大推，聲音讚讚！) AONIC 4 混圈鐵(自家首次設計，獨特調音) AONIC 5 三單體+846可換調音管設計(黑/透/紅 三色可選)', '20200505114810.jpg', 4, '2020-05-05 17:48:10', '2020-05-05 17:53:09'),
(3, '【超美der~】Noble - Falcon (White) 新上市！', '一直廣受好評的Noble - Falcon  這次新顏色\"白色\"一點也不無聊，配上玫瑰金色的面板，整個就是超好看der~  母親節就快到了，心意就靠你/妳啦！', '20200505115032.jpg', 3, '2020-05-05 17:50:32', '2020-05-05 17:53:14'),
(4, '【方便攜帶】Sennheiser HD350BT / HD450BT(支援ANC)', '繼前一代的HD4.40BT及HD4.50BT 新版採用藍牙5.0(這是一定要的)  聲音提升，動態低頻更好 厚耳墊配戴包覆感不錯，舒適耐用 續航力也可達到30小時，相當夠用', '20200505115217.jpg', 5, '2020-05-05 17:52:17', '2020-05-05 23:57:08'),
(5, '【再度到貨】SHOZY FORM 1.1 人聲甜 圈鐵混合入耳式耳機', '從過年後缺貨到現在，終於到貨啦！！  FORM 1.1是支人聲溫潤柔順，細膩而，不論是你想聽的抒情、吉他聲都相當漂亮抓耳！', '20200505115451.jpg', 2, '2020-05-05 17:54:51', '2020-05-05 17:59:46'),
(6, '【入門抗噪】Sony WH-CH710N 抗噪藍芽耳罩耳機', '繼前一代CH700N的好評，CH710N提升不少環節  -- Type-C接孔充電，支援快充10分鐘可使用兩小時 -- 雙重雜訊感應器技術的降噪功能，抗噪效果提升 -- 重量更輕巧，方便外出繫帶使用 -- 柔軟的橢圓形耳墊，長時間配戴也可以 -- 低頻更飽滿，比起前一代量感提升', '20200505115632.jpg', 2, '2020-05-05 17:55:44', '2020-05-05 17:59:53'),
(7, '【NEW！】德國品牌 McGee Ear Play 午夜藍 真無線藍牙耳機', '介於黑、藍之間的色彩「午夜藍」，低調奢華的顏色 在入門款價位帶來說，外觀上可是相當有吸引力的  耳機體積小巧，可應付大多耳朵較小的人配戴 耳機有磁吸充電，並且支援快充15分鐘即可使用2小時  晶片使用高通QCC3020，藍牙5.0又支持AAC、aptX 連接方式：TWS、TWS Plus(僅在高通845平臺開通下支持)  配件多元 有附贈兩種形式的耳塞個三對不同尺寸、收納袋以及充電線，可說相當超值', '20200505115809.jpg', 3, '2020-05-05 17:58:09', '2020-05-05 17:59:57'),
(8, '【買就送】凡購買Westone任一耳機產品，就再送一支耳機！', '老闆從倉庫挖出一批贈品 即日起，買Westone任一耳機型號，就可以自己挑選一支贈品喔！', '20200505115933.jpg', 4, '2020-05-05 17:59:33', '2020-05-05 18:00:03'),
(9, '【下雨也能Hold住】Jabra Elite Active 75t 藍牙真無線耳機', '即使是下雨天也無法停止你對運動的熱情嗎？ 同時又要享受著音樂的話，Jabra Elite Active 75t是你的首選！  耳機外殼採用雲母漆塗料，防水等級達到IP57，耳機滿電的下可以連續使用約7.5小時 搭載HearThrough模式(環境音模式)，不需要取下耳機也能聽得到外面的聲音  不論是路跑、戶外運動或通勤商務人士等都適用  目前海軍藍率先在台上市，之後薄荷綠、鈦黑、銅黑、深灰、磚', '20200505120125.jpg', 1, '2020-05-05 18:01:25', '2020-05-05 18:02:42'),
(10, '【極光藍】TIPSY - BLUE AURORA 單動鐵入耳式耳機', '單動鐵要有像動圈的低頻並不容易  BLUE AURURO就是只有一顆動鐵單體，但是能達到扎實的低頻以及整體平衡音樂性，是支入門相當雜食走向的耳機 再加上漂亮的藍色面板以及高純度無氧銅2Pin可換線式耳機線，實在值得！', '20200505120231.jpg', 5, '2020-05-05 18:02:31', '2020-05-05 23:57:18');

-- --------------------------------------------------------

--
-- 資料表結構 `multiple_images`
--

CREATE TABLE `multiple_images` (
  `multipleImageId` int(11) NOT NULL COMMENT '流水號',
  `itemId` int(11) NOT NULL COMMENT '商品編號',
  `multiple_Image` varchar(100) COLLATE utf8mb4_unicode_ci NOT NULL COMMENT '圖片名稱',
  `multiple_Image01` varchar(100) COLLATE utf8mb4_unicode_ci NOT NULL COMMENT '副圖1',
  `multiple_Image02` varchar(100) COLLATE utf8mb4_unicode_ci NOT NULL COMMENT '副圖2',
  `multiple_Image03` varchar(100) COLLATE utf8mb4_unicode_ci NOT NULL COMMENT '副圖3',
  `multiple_Image04` varchar(100) COLLATE utf8mb4_unicode_ci NOT NULL COMMENT '副圖4',
  `created_at` datetime NOT NULL DEFAULT current_timestamp() COMMENT '新增時間',
  `updated_at` datetime NOT NULL DEFAULT current_timestamp() COMMENT '更新時間'
) ENGINE=InnoDB DEFAULT CHARSET=utf8mb4 COLLATE=utf8mb4_unicode_ci COMMENT='商品圖片';

--
-- 傾印資料表的資料 `multiple_images`
--

INSERT INTO `multiple_images` (`multipleImageId`, `itemId`, `multiple_Image`, `multiple_Image01`, `multiple_Image02`, `multiple_Image03`, `multiple_Image04`, `created_at`, `updated_at`) VALUES
(1, 1, 'B1.png', 'B1_1.png', 'B1_2.png', 'B1_3.png', 'B1_4.png', '2020-05-05 17:43:00', '2020-05-05 17:43:00'),
(2, 2, 'B2.png', 'B2_1.png', 'B2_2.png', 'B2_3.png', 'B2_4.png', '2020-05-05 17:43:00', '2020-05-05 17:43:00'),
(3, 3, 'B3.png', 'B3_1.png', 'B3_2.png', 'B3_3.png', 'B3_4.png', '2020-05-05 17:43:00', '2020-05-05 17:43:00'),
(4, 4, 'B4.png', 'B4_1.png', 'B4_2.png', 'B4_3.png', 'B4_4.png', '2020-05-05 17:43:00', '2020-05-05 17:43:00'),
(5, 5, 'B5.png', 'B5_1.png', 'B5_2.png', 'B5_3.png', 'B5_4.png', '2020-05-05 17:43:00', '2020-05-05 17:43:00'),
(6, 6, 'B6.png', 'B6_1.png', 'B6_2.png', 'B6_3.png', 'B6_4.png', '2020-05-05 17:43:00', '2020-05-05 17:43:00'),
(7, 7, 'B7.png', 'B7_1.png', 'B7_2.png', 'B7_3.png', 'B7_4.png', '2020-05-05 17:43:00', '2020-05-05 17:43:00'),
(8, 8, 'B8.png', 'B8_1.png', 'B8_2.png', 'B8_3.png', 'B8_4.png', '2020-05-05 17:43:00', '2020-05-05 17:43:00'),
(9, 9, 'B9.png', 'B9_1.png', 'B9_2.png', 'B9_3.png', '', '2020-05-05 17:43:00', '2020-05-05 17:43:00'),
(10, 10, 'sh1.png', 'sh1_1.png', 'sh1_2.png', 'sh1_3.png', '', '2020-05-05 17:43:00', '2020-05-05 17:43:00'),
(11, 11, 'sh2.png', 'sh2_1.png', 'sh2_2.png', 'sh2_3.png', 'sh2_4.png', '2020-05-05 17:43:00', '2020-05-05 17:43:00'),
(12, 12, 'sh3.png', 'sh3_1.png', 'sh3_2.png', 'sh3_3.png', 'sh3_4.png', '2020-05-05 17:43:00', '2020-05-05 17:43:00'),
(13, 13, 'sh4.png', 'sh4_1.png', 'sh4_2.png', '', '', '2020-05-05 17:43:00', '2020-05-05 17:43:00'),
(14, 14, 'sh5.png', 'sh5_1.png', 'sh5_2.png', '', '', '2020-05-05 17:43:00', '2020-05-05 17:43:00'),
(15, 15, 'sh6.png', 'sh6_1.png', 'sh6_2.png', 'sh6_3.png', '', '2020-05-05 17:43:00', '2020-05-05 17:43:00'),
(16, 16, 'sh7.png', 'sh7_1.png', 'sh7_2.png', 'sh7_3.png', '', '2020-05-05 17:43:00', '2020-05-05 17:43:00'),
(17, 17, 'sh8.png', 'sh8_1.png', 'sh8_2.png', 'sh8_3.png', 'sh8_4.png', '2020-05-05 17:43:00', '2020-05-05 17:43:00'),
(18, 18, '.pngsh9', 'sh9_1.png', 'sh9_2.png', 'sh9_3.png', 'sh9_4.png', '2020-05-05 17:43:00', '2020-05-05 17:43:00'),
(19, 19, 'sh10.png', 'sh10_1.png', 'sh10_2.png', 'sh10_3.png', 'sh10_4.png', '2020-05-05 17:43:00', '2020-05-05 17:43:00'),
(20, 20, 'sh11.png', 'sh11_1.png', 'sh11_2.png', 'sh11_3.png', '', '2020-05-05 17:43:00', '2020-05-05 17:43:00'),
(21, 21, 'sh12.png', 'sh12_1.png', 'sh12_2.png', 'sh12_3.png', '', '2020-05-05 17:43:00', '2020-05-05 17:43:00'),
(22, 22, 'sh13.png', 'sh13_1.png', 'sh13_2.png', 'sh13_3.png', '', '2020-05-05 17:43:00', '2020-05-05 17:43:00'),
(23, 23, 'sh14.png', 'sh14_1.png', 'sh14_2.png', 'sh14_3.png', 'sh14_4.png', '2020-05-05 17:43:00', '2020-05-05 17:43:00'),
(24, 24, 'sh15.png', 'sh15_1.png', 'sh15_2.png', 'sh15_3.png', 'sh15_4.png', '2020-05-05 17:43:00', '2020-05-05 17:43:00'),
(25, 25, 'sh16.png', 'sh16_1.png', 'sh16_2.png', 'sh16_3.png', '', '2020-05-05 17:43:00', '2020-05-05 17:43:00'),
(26, 26, 'sh17.png', 'sh17_1.png', 'sh17_2.png', 'sh17_3.png', '', '2020-05-05 17:43:00', '2020-05-05 17:43:00'),
(27, 27, 'sn1.png', 'sn1_1.png', 'sn1_2.png', 'sn1_3.png', 'sn1_4.png', '2020-05-05 17:43:00', '2020-05-05 17:43:00'),
(28, 28, 'sn2.png', 'sn2_1.png', 'sn2_2.png', 'sn2_3.png', 'sn2_4.png', '2020-05-05 17:43:00', '2020-05-05 17:43:00'),
(29, 29, 'sn3.png', 'sn3_1.png', 'sn3_2.png', 'sn3_3.png', 'sn3_4.png', '2020-05-05 17:43:00', '2020-05-05 17:43:00'),
(30, 30, 'sn4.png', 'sn4_1.png', 'sn4_2.png', 'sn4_3.png', 'sn4_4.png', '2020-05-05 17:43:00', '2020-05-05 17:43:00'),
(31, 31, 'sn5.png', 'sn5_1.png', 'sn5_2.png', 'sn5_3.png', 'sn5_4.png', '2020-05-05 17:43:00', '2020-05-05 17:43:00'),
(32, 32, 'sn6.png', 'sn6_1.png', 'sn6_2.png', 'sn6_3.png', 'sn6_4.png', '2020-05-05 17:43:00', '2020-05-05 17:43:00'),
(33, 33, 'sn7.png', 'sn7_1.png', 'sn7_2.png', 'sn7_3.png', 'sn7_4.png', '2020-05-05 17:43:00', '2020-05-05 17:43:00'),
(34, 34, 'sn8.png', 'sn8_1.png', 'sn8_2.png', 'sn8_3.png', 'sn8_4.png', '2020-05-05 17:43:00', '2020-05-05 17:43:00'),
(35, 35, 'sn9.png', 'sn9_1.png', 'sn9_2.png', 'sn9_3.png', 'sn9_4.png', '2020-05-05 17:43:00', '2020-05-05 17:43:00'),
(36, 36, 'sn10.png', 'sn10_1.png', 'sn10_2.png', 'sn10_3.png', 'sn10_4.png', '2020-05-05 17:43:00', '2020-05-05 17:43:00'),
(37, 37, 'sn11.png', 'sn11_1.png', 'sn11_2.png', 'sn11_3.png', 'sn11_4.png', '2020-05-05 17:43:00', '2020-05-05 17:43:00'),
(38, 38, 'sn12.png', 'sn12_1.png', 'sn12_2.png', 'sn12_3.png', 'sn12_4.png', '2020-05-05 17:43:00', '2020-05-05 17:43:00'),
(39, 39, 'sn13.png', 'sn13_1.png', 'sn13_2.png', 'sn13_3.png', 'sn13_4.png', '2020-05-05 17:43:00', '2020-05-05 17:43:00'),
(40, 40, 'sn14.png', 'sn14_1.png', 'sn14_2.png', 'sn14_3.png', 'sn14_4.png', '2020-05-05 17:43:00', '2020-05-05 17:43:00'),
(41, 41, 'sn15.png', 'sn15_1.png', 'sn15_2.png', 'sn15_3.png', 'sn15_4.png', '2020-05-05 17:43:00', '2020-05-05 17:43:00'),
(42, 42, 'sn16.png', 'sn16_1.png', 'sn16_2.png', 'sn16_3.png', 'sn16_4.png', '2020-05-05 17:43:00', '2020-05-05 17:43:00'),
(43, 43, 'sn17.png', 'sn17_1.png', 'sn17_2.png', 'sn17_3.png', 'sn17_4.png', '2020-05-05 17:43:00', '2020-05-05 17:43:00'),
(44, 44, 'sn18.png', 'sn18_1.png', 'sn18_2.png', 'sn18_3.png', 'sn18_4.png', '2020-05-05 17:43:00', '2020-05-05 17:43:00'),
(45, 45, 'sn19.png', 'sn19_1.png', 'sn19_2.png', 'sn19_3.png', '', '2020-05-05 17:43:00', '2020-05-05 17:43:00'),
(46, 46, 'se1.png', 'se1_1.png', 'se_2.png', '', '', '2020-05-05 17:43:00', '2020-05-05 17:43:00'),
(47, 47, 'se2.png', 'se2_1.png', '', '', '', '2020-05-05 17:43:00', '2020-05-05 17:43:00'),
(48, 48, 'se3.png', 'se3_1.png', 'se3_2.png', 'se3_3.png', '', '2020-05-05 17:43:00', '2020-05-05 17:43:00'),
(49, 49, 'se4.png', 'se4_1.png', 'se4_2.png', 'se4_3.png', 'se4_4.png', '2020-05-05 17:43:00', '2020-05-05 17:43:00'),
(50, 50, 'se5.png', 'se5_1.png', 'se5_2.png', 'se5_3.png', 'se5_4.png', '2020-05-05 17:43:00', '2020-05-05 17:43:00'),
(51, 51, 'se6.png', 'se6_1.png', 'se6_2.png', '', '', '2020-05-05 17:43:00', '2020-05-05 17:43:00'),
(52, 52, 'se7.png', 'se7_1.png', 'se7_2.png', 'se7_3.png', 'se7_4.png', '2020-05-05 17:43:00', '2020-05-05 17:43:00'),
(53, 53, 'se8.png', 'se8_1.png', 'se8_2.png', 'se8_3.png', 'se8_4.png', '2020-05-05 17:43:00', '2020-05-05 17:43:00'),
(54, 54, 'se9.png', 'se9_1.png', 'se9_2.png', 'se9_3.png', '', '2020-05-05 17:43:00', '2020-05-05 17:43:00'),
(55, 55, 'se10.png', 'se10_1.png', 'se10_2.png', 'se10_3.png', 'se10_4.png', '2020-05-05 17:43:00', '2020-05-05 17:43:00'),
(56, 56, 'se11.png', 'se11_1.png', 'se11_2.png', 'se11_3.png', 'se11_4.png', '2020-05-05 17:43:00', '2020-05-05 17:43:00'),
(57, 57, 'se12.png', 'se12_1.png', 'se12_2.png', 'se12_3.png', 'se12_4.png', '2020-05-05 17:43:00', '2020-05-05 17:43:00'),
(58, 58, 'se13.png', '', '', '', '', '2020-05-05 17:43:00', '2020-05-05 17:43:00'),
(59, 59, 'se14.png', 'se14_1.png', '', '', '', '2020-05-05 17:43:00', '2020-05-05 17:43:00'),
(60, 60, 'se15.png', 'se15_1.png', 'se15_2.png', 'se15_3.png', 'se15_4.png', '2020-05-05 17:43:00', '2020-05-05 17:43:00'),
(61, 61, 'ath1.png', 'ath1_1.png', 'ath1_2.png', 'ath1_3.png', '', '2020-05-05 17:43:00', '2020-05-05 17:43:00'),
(62, 62, 'ath2.png', 'ath2_1.png', 'ath2_2.png', 'ath2_3.png', '', '2020-05-05 17:43:00', '2020-05-05 17:43:00'),
(63, 63, 'ath3.png', 'ath3_1.png', 'ath3_2.png', 'ath3_3.png', '', '2020-05-05 17:43:00', '2020-05-05 17:43:00'),
(64, 64, 'ath4.png', 'ath4_1.png', 'ath4_2.png', 'ath4_3.png', '', '2020-05-05 17:43:00', '2020-05-05 17:43:00'),
(65, 65, 'ath5.png', 'ath5_1.png', 'ath5_2.png', 'ath5_3.png', 'ath5_4.png', '2020-05-05 17:43:00', '2020-05-05 17:43:00'),
(66, 66, 'ath6.png', 'ath6_1.png', 'ath6_2.png', 'ath6_3.png', 'ath6_4.png', '2020-05-05 17:43:00', '2020-05-05 17:43:00'),
(67, 67, 'ath7.png', 'ath7_1.png', 'ath7_2.png', 'ath7_3.png', 'ath7_4.png', '2020-05-05 17:43:00', '2020-05-05 17:43:00'),
(68, 68, 'ath8.png', 'ath8_1.png', 'ath8_2.png', 'ath8_3.png', 'ath8_4.png', '2020-05-05 17:43:00', '2020-05-05 17:43:00'),
(69, 69, 'ath9.png', 'ath9_1.png', 'ath9_2.png', '', '', '2020-05-05 17:43:00', '2020-05-05 17:43:00'),
(70, 70, 'ath10.png', 'ath10_1.png', 'ath10_2.png', '', '', '2020-05-05 17:43:00', '2020-05-05 17:43:00'),
(71, 71, 'ath11.png', 'ath11_1.png', 'ath11_2.png', '', '', '2020-05-05 17:43:00', '2020-05-05 17:43:00'),
(72, 72, 'ath12.png', 'ath12_1.png', 'ath12_2.png', 'ath12_3.png', '', '2020-05-05 17:43:00', '2020-05-05 17:43:00'),
(73, 73, 'ath13.png', 'ath13_1.png', 'ath13_2.png', '', '', '2020-05-05 17:43:00', '2020-05-05 17:43:00'),
(74, 74, 'ath14.png', 'ath14_1.png', 'ath14_2.png', 'ath14_3.png', 'ath14_4.png', '2020-05-05 17:43:00', '2020-05-05 17:43:00'),
(75, 75, 'ath15.png', 'ath15_1.png', 'ath15_2.png', 'ath15_3.png', 'ath15_4.png', '2020-05-05 17:43:00', '2020-05-05 17:43:00'),
(76, 76, 'akg1.png', 'akg1_1.png', 'akg1_2.png', 'akg1_3.png', '', '2020-05-05 17:43:00', '2020-05-05 17:43:00'),
(77, 77, 'akg2.png', 'akg2_1.png', 'akg2_2.png', '', '', '2020-05-05 17:43:00', '2020-05-05 17:43:00'),
(78, 78, 'akg3.png', 'akg3_1.png', 'akg3_2.png', 'akg3_3.png', 'akg3_4.png', '2020-05-05 17:43:00', '2020-05-05 17:43:00'),
(79, 79, 'akg4.png', 'akg4_1.png', 'akg4_2.png', 'akg4_3.png', '', '2020-05-05 17:43:00', '2020-05-05 17:43:00'),
(80, 80, 'akg5.png', 'akg5_1.png', 'akg5_2.png', 'akg5_3.png', 'akg5_4.png', '2020-05-05 17:43:00', '2020-05-05 17:43:00'),
(81, 81, 'akg6.png', 'akg6_1.png', 'akg6_2.png', 'akg6_3.png', 'akg6_4.png', '2020-05-05 17:43:00', '2020-05-05 17:43:00'),
(82, 82, 'akg7.png', 'akg7_1.png', 'akg7_2.png', 'akg7_3.png', '', '2020-05-05 17:43:00', '2020-05-05 17:43:00'),
(83, 83, 'akg8.png', 'akg8_1.png', 'akg8_2.png', 'akg8_3.png', 'akg8_4.png', '2020-05-05 17:43:00', '2020-05-05 17:43:00'),
(84, 84, 'akg9.png', 'akg9_1.png', 'akg9_2.png', '', '', '2020-05-05 17:43:00', '2020-05-05 17:43:00'),
(85, 85, 'akg10.png', 'akg10_1.png', 'akg10_2.png', '', '', '2020-05-05 17:43:00', '2020-05-05 17:43:00'),
(86, 86, 'akg11.png', 'akg11_1.png', 'akg11_2.png', 'akg11_3.png', '', '2020-05-05 17:43:00', '2020-05-05 17:43:00'),
(87, 87, 'akg12.png', 'akg12_1.png', 'akg12_2.png', 'akg12_3.png', 'akg12_4.png', '2020-05-05 17:43:00', '2020-05-05 17:43:00'),
(88, 88, 'akg13.png', 'akg13_1.png', 'akg13_2.png', 'akg13_3.png', 'akg13_4.png', '2020-05-05 17:43:00', '2020-05-05 17:43:00'),
(89, 89, 'akg14.png', 'akg14_1.png', 'akg14_2.png', 'akg14_3.png', 'akg14_4.png', '2020-05-05 17:43:00', '2020-05-05 17:43:00'),
(90, 90, 'akg15.png', 'akg15_1.png', 'akg15_2.png', 'akg15_3.png', 'akg15_4.png', '2020-05-05 17:43:00', '2020-05-05 17:43:00'),
(91, 91, 'f1.png', 'f1_1.png', 'f1_2.png', 'f1_3.png', 'f1_4.png', '2020-05-05 17:43:00', '2020-05-05 17:43:00'),
(92, 92, 'f2.png', 'f2_1.png', 'f2_2.png', 'f2_3.png', 'f2_4.png', '2020-05-05 17:43:00', '2020-05-05 17:43:00'),
(93, 93, 'f3.png', 'f3_1.png', 'f3_2.png', 'f3_3.png', 'f3_4.png', '2020-05-05 17:43:00', '2020-05-05 17:43:00'),
(94, 94, 'f4.png', 'f4_1.png', 'f4_2.png', 'f4_3.png', 'f4_4.png', '2020-05-05 17:43:00', '2020-05-05 17:43:00'),
(95, 95, 'f5.png', 'f5_1.png', 'f5_2.png', 'f5_3.png', 'f5_4.png', '2020-05-05 17:43:00', '2020-05-05 17:43:00'),
(96, 96, 'f6.png', 'f6_1.png', 'f6_2.png', 'f6_3.png', 'f6_4.png', '2020-05-05 17:43:00', '2020-05-05 17:43:00'),
(97, 97, 'f7.png', 'f7_1.png', 'f7_2.png', 'f7_3.png', 'f7_4.png', '2020-05-05 17:43:00', '2020-05-05 17:43:00'),
(98, 98, 'f8.png', 'f8_1.png', 'f8_2.png', 'f8_3.png', 'f8_4.png', '2020-05-05 17:43:00', '2020-05-05 17:43:00'),
(99, 99, 'f9.png', 'f9_1.png', 'f9_2.png', 'f9_3.png', 'f9_4.png', '2020-05-05 17:43:00', '2020-05-05 17:43:00'),
(100, 100, 'f10.png', 'f10_1.png', 'f10_2.png', 'f10_3.png', 'f10_4.png', '2020-05-05 17:43:00', '2020-05-05 17:43:00'),
(101, 101, 'f11.png', 'f11_1.png', 'f11_2.png', 'f11_3.png', 'f11_4.png', '2020-05-05 17:43:00', '2020-05-05 17:43:00'),
(102, 102, 'f12.png', 'f12_1.png', 'f12_2.png', 'f12_3.png', 'f12_4.png', '2020-05-05 17:43:00', '2020-05-05 17:43:00'),
(103, 103, 'f13.png', 'f13_1.png', 'f13_2.png', 'f13_3.png', 'f13_4.png', '2020-05-05 17:43:00', '2020-05-05 17:43:00'),
(104, 104, 'f14.png', 'f14_1.png', 'f14_2.png', 'f14_3.png', 'f14_4.png', '2020-05-05 17:43:00', '2020-05-05 17:43:00'),
(105, 105, 'f15.png', 'f15_1.png', 'f15_2.png', 'f15_3.png', 'f15_4.png', '2020-05-05 17:43:00', '2020-05-05 17:43:00'),
(106, 106, 'g1.png', 'g1_1.png', 'g1_2.png', 'g1_3.png', '', '2020-05-06 17:43:00', '2020-05-06 17:43:00'),
(107, 107, 'g2.png', 'g2_1.png', 'g2_2.png', 'g2_3.png', '', '2020-05-07 17:43:00', '2020-05-07 17:43:00'),
(108, 108, 'g3.png', 'g3_1.png', 'g3_2.png', 'g3_3.png', '', '2020-05-08 17:43:00', '2020-05-08 17:43:00'),
(109, 109, 'g4.png', 'g4_1.png', 'g4_2.png', 'g4_3.png', '', '2020-05-09 17:43:00', '2020-05-09 17:43:00'),
(110, 110, 'g5.png', 'g5_1.png', 'g5_2.png', 'g5_3.png', '', '2020-05-10 17:43:00', '2020-05-10 17:43:00'),
(111, 111, 'g6.png', 'g6_1.png', 'g6_2.png', 'g6_3.png', '', '2020-05-11 17:43:00', '2020-05-11 17:43:00'),
(112, 112, 'g7.png', 'g7_1.png', 'g7_2.png', 'g7_3.png', '', '2020-05-12 17:43:00', '2020-05-12 17:43:00'),
(113, 113, 'g8.png', 'g8_1.png', 'g8_2.png', 'g8_3.png', '', '2020-05-13 17:43:00', '2020-05-13 17:43:00'),
(114, 114, 'g9.png', 'g9_1.png', 'g9_2.png', 'g9_3.png', '', '2020-05-14 17:43:00', '2020-05-14 17:43:00'),
(115, 115, 'g10.png', 'g10_1.png', 'g10_2.png', 'g10_3.png', '', '2020-05-15 17:43:00', '2020-05-15 17:43:00');

-- --------------------------------------------------------

--
-- 資料表結構 `orders`
--

CREATE TABLE `orders` (
  `orderId` int(11) NOT NULL COMMENT '訂單編號',
  `username` varchar(50) COLLATE utf8mb4_unicode_ci NOT NULL COMMENT '買家帳號',
  `itemId` varchar(100) COLLATE utf8mb4_unicode_ci NOT NULL COMMENT '商品編號',
  `paymentTypeId` varchar(50) COLLATE utf8mb4_unicode_ci NOT NULL COMMENT '付款方式',
  `payment` varchar(50) COLLATE utf8mb4_unicode_ci NOT NULL DEFAULT '等待付款' COMMENT '付款狀態',
  `delivery` varchar(50) COLLATE utf8mb4_unicode_ci NOT NULL DEFAULT '未出貨' COMMENT '配送狀態',
  `orderRemark` varchar(255) COLLATE utf8mb4_unicode_ci NOT NULL COMMENT '訂單備註',
  `created_at` datetime NOT NULL DEFAULT current_timestamp() COMMENT '新增時間',
  `updated_at` datetime NOT NULL DEFAULT current_timestamp() ON UPDATE current_timestamp() COMMENT '更新時間'
) ENGINE=InnoDB DEFAULT CHARSET=utf8mb4 COLLATE=utf8mb4_unicode_ci COMMENT='結帳資料表';

--
-- 傾印資料表的資料 `orders`
--

INSERT INTO `orders` (`orderId`, `username`, `itemId`, `paymentTypeId`, `payment`, `delivery`, `orderRemark`, `created_at`, `updated_at`) VALUES
(1, 's001', '1', '1', '已付款', '已送達', '', '2020-05-06 00:56:17', '2020-05-06 01:04:45'),
(2, 's002', '2', '2', '已付款', '已送達', '', '2020-05-06 00:58:23', '2020-05-06 01:05:06'),
(3, 's003', '3', '3', '已付款', '已送達', '', '2020-05-06 00:58:36', '2020-05-06 01:10:12'),
(4, 's004', '4', '1', '已付款', '配送中', '', '2020-05-06 00:58:50', '2020-05-06 01:06:57'),
(5, 's005', '5', '2', '已付款', '配送中', '', '2020-05-06 00:59:05', '2020-05-06 01:07:14'),
(6, 's006', '1', '3', '等待付款', '配送中', '', '2020-05-06 00:59:17', '2020-05-06 01:11:18'),
(7, 's007', '2', '1', '等待付款', '未出貨', '', '2020-05-06 01:01:53', '2020-05-06 01:08:12'),
(8, 's008', '3', '2', '等待付款', '未出貨', '', '2020-05-06 01:02:42', '2020-05-06 01:08:22'),
(9, 's009', '4', '1', '等待付款', '未出貨', '', '2020-05-06 01:03:15', '2020-05-06 09:50:35'),
(10, 's010', '5', '1', '等待付款', '未出貨', '', '2020-05-06 01:03:31', '2020-05-06 09:49:51');

-- --------------------------------------------------------

--
-- 資料表結構 `payment_types`
--

CREATE TABLE `payment_types` (
  `paymentTypeId` int(11) NOT NULL COMMENT '流水號',
  `paymentTypeName` varchar(100) COLLATE utf8mb4_unicode_ci NOT NULL COMMENT '付款方式名稱',
  `paymentTypeImg` varchar(100) COLLATE utf8mb4_unicode_ci NOT NULL COMMENT '付款方式圖片名稱',
  `created_at` datetime NOT NULL DEFAULT current_timestamp() COMMENT '新增時間',
  `updated_at` datetime NOT NULL DEFAULT current_timestamp() ON UPDATE current_timestamp() COMMENT '更新時間'
) ENGINE=InnoDB DEFAULT CHARSET=utf8mb4 COLLATE=utf8mb4_unicode_ci COMMENT='付款方式';

--
-- 傾印資料表的資料 `payment_types`
--

INSERT INTO `payment_types` (`paymentTypeId`, `paymentTypeName`, `paymentTypeImg`, `created_at`, `updated_at`) VALUES
(1, '宅配', '', '2020-04-27 00:04:35', '2020-05-04 22:28:08'),
(2, '店到店', '', '2020-04-27 00:04:49', '2020-05-04 22:28:11'),
(3, '貨到付款', '', '2020-05-04 22:28:01', '2020-05-04 22:30:32');

-- --------------------------------------------------------

--
-- 資料表結構 `stores`
--

CREATE TABLE `stores` (
  `storeId` int(11) NOT NULL COMMENT '商場編號',
  `storeName` varchar(100) COLLATE utf8mb4_unicode_ci NOT NULL COMMENT '商場名稱',
  `storeLogo` varchar(100) COLLATE utf8mb4_unicode_ci DEFAULT NULL COMMENT '商場圖片',
  `storeDescription` varchar(255) COLLATE utf8mb4_unicode_ci DEFAULT NULL COMMENT '商場介紹',
  `storeItemsId` tinyint(10) DEFAULT NULL COMMENT '賣場商品編號',
  `storeOpened` tinyint(10) NOT NULL DEFAULT 1 COMMENT '商場權限',
  `createTime` datetime NOT NULL DEFAULT current_timestamp() COMMENT '新增時間',
  `updateTime` datetime NOT NULL DEFAULT current_timestamp() ON UPDATE current_timestamp() COMMENT '更新時間'
) ENGINE=InnoDB DEFAULT CHARSET=utf8mb4 COLLATE=utf8mb4_unicode_ci;

--
-- 傾印資料表的資料 `stores`
--

INSERT INTO `stores` (`storeId`, `storeName`, `storeLogo`, `storeDescription`, `storeItemsId`, `storeOpened`, `createTime`, `updateTime`) VALUES
(1, 'beats的耳機店', 'item_20200505154750.png', 'beats的耳機店，歡迎你！', 1, 1, '2020-05-05 23:47:50', '2020-05-05 23:52:19'),
(2, '被咬一口的蘋果店', 'item_20200505155337.png', '被咬一口的蘋果店，歡迎你！', 2, 1, '2020-05-05 23:53:37', '2020-05-05 23:53:53'),
(3, 'Qi的魔音傳腦店', 'item_20200505155446.png', 'Qi的魔音傳腦店，歡迎你', 3, 1, '2020-05-05 23:54:46', '2020-05-05 23:54:56'),
(4, '羽毛飄飄然店', 'item_20200505155548.jpg', '羽毛飄飄然店，歡迎你！', 4, 1, '2020-05-05 23:55:48', '2020-05-06 00:06:00'),
(5, '快來動起來店', 'item_20200505155655.png', '快來動起來店，歡迎你！', 5, 1, '2020-05-05 23:56:55', '2020-05-05 23:58:30'),
(6, '森海爾電子', '20200506070425_s04.png', '森海爾電子，歡迎您', 9, 1, '2020-05-06 12:59:51', '2020-05-06 13:04:45'),
(7, '鐵三角的店', '20200506070838_Audio-Technica Logo 11_15.jpg', '鐵三角的店，歡迎您', 10, 1, '2020-05-06 13:08:25', '2020-05-06 13:25:08');

-- --------------------------------------------------------

--
-- 資料表結構 `users`
--

CREATE TABLE `users` (
  `id` int(11) NOT NULL COMMENT '流水號',
  `username` varchar(50) COLLATE utf8mb4_unicode_ci DEFAULT NULL COMMENT '使用者名稱',
  `pwd` char(40) COLLATE utf8mb4_unicode_ci NOT NULL COMMENT '使用者密碼',
  `name` varchar(50) COLLATE utf8mb4_unicode_ci DEFAULT NULL COMMENT '姓名',
  `gender` varchar(1) COLLATE utf8mb4_unicode_ci NOT NULL COMMENT '性別',
  `userlogo` varchar(100) COLLATE utf8mb4_unicode_ci DEFAULT NULL COMMENT '使用者頭像',
  `phoneNumber` text COLLATE utf8mb4_unicode_ci NOT NULL COMMENT '手機號碼',
  `card` text COLLATE utf8mb4_unicode_ci NOT NULL COMMENT '信用卡號碼',
  `birthday` date NOT NULL COMMENT '出生年月日',
  `address` varchar(100) COLLATE utf8mb4_unicode_ci NOT NULL COMMENT '地址',
  `created_at` datetime NOT NULL DEFAULT current_timestamp() COMMENT '新增時間',
  `updated_at` datetime NOT NULL DEFAULT current_timestamp() ON UPDATE current_timestamp() COMMENT '更新時間',
  `isActivated` int(5) NOT NULL DEFAULT 0 COMMENT '賣家開通狀況',
  `shopopen` tinyint(1) NOT NULL DEFAULT 0 COMMENT '賣場開通狀況'
) ENGINE=InnoDB DEFAULT CHARSET=utf8mb4 COLLATE=utf8mb4_unicode_ci COMMENT='使用者資料表';

--
-- 傾印資料表的資料 `users`
--

INSERT INTO `users` (`id`, `username`, `pwd`, `name`, `gender`, `userlogo`, `phoneNumber`, `card`, `birthday`, `address`, `created_at`, `updated_at`, `isActivated`, `shopopen`) VALUES
(1, 's001', 'a0147258', '艾達', '2', 'ia_200000001.jpg', '0955582026', '1234-5555-8448-8888', '2020-01-17', '台北市中山區林森北路1號', '2020-04-26 15:17:44', '2020-05-05 22:55:16', 1, 1),
(2, 's002', 'a0147258', '艾布特', '1', 'ia_100000016693.jpg', '0956569420', '3334-4455-8888-8888', '2020-04-15', '台北市中山區林森北路2號', '2020-04-26 15:20:56', '2020-05-05 22:57:30', 1, 1),
(3, 's003', 'a0147258', '亞伯拉罕', '1', 'ia_100000016695.jpg', '0928251686', '5234-5555-8888-8888', '2020-04-01', '台北市中山區林森北路3號', '2020-04-26 15:24:18', '2020-05-05 22:57:33', 1, 1),
(4, 's004', 'a0147258', '	阿道夫', '1', 'ia_100000016696.jpg', '0918427269', '8834-5985-8888-8888', '2020-04-15', '台北市中山區林森北路3號', '2020-04-26 15:24:18', '2020-05-05 22:57:43', 1, 1),
(5, 's005', '0147258', '愛得拉', '2', 'ia_200000002.jpg', '0926392143', '9934-5555-8888-8888', '2020-04-02', '台北市中山區林森北路5號', '2020-04-26 15:33:12', '2020-05-05 22:55:27', 1, 1),
(6, 's006', '0147258', '阿爾娃', '2', 'ia_200000003.jpg', '0952153427', '5534-5555-8888-8888', '2020-04-17', '台北市中山區林森北路6號', '2020-04-26 15:33:12', '2020-05-05 22:55:37', 0, 0),
(7, 's007', '0147258', '艾尼娜', '2', 'ia_200000004.jpg', '0956754756', '4434-5555-8888-8888', '2020-04-18', '台北市中山區林森北路7號', '2020-04-26 15:33:12', '2020-05-05 22:56:07', 0, 0),
(8, 's008', '0147258', '安琪拉', '2', 'ia_200000005.jpg', '0920602202', '8834-5555-8888-8888', '2020-04-11', '台北市中山區林森北路8號', '2020-04-26 15:33:12', '2020-05-05 22:56:17', 0, 0),
(9, 's009', '258369', '雅典娜', '2', 'ia_200000006.jpg', '0970884130', '9934-5555-8888-8888', '2020-04-14', '台北市中山區林森北路9號', '2020-04-26 15:33:12', '2020-05-06 12:57:06', 1, 1),
(10, 's010', '258369', '阿爾傑農	', '1', 'ia_100000016697.jpg', '0954192057', '3334-5555-8888-8888', '2020-04-17', '台北市中山區林森北路10號', '2020-04-26 15:33:12', '2020-05-06 13:24:15', 1, 1),
(11, 's011', '258369', '奧爾頓', '1', 'ia_100000016719.jpg', '0987550683', '4434-5555-8888-8888', '2020-04-01', '台北市中山區林森北路11號', '2020-04-26 15:33:12', '2020-05-06 13:11:53', 1, 0),
(12, 's012', '85455', '布萊迪', '1', 'ia_100000016698.jpg', '0955555789', '8834-5555-8558-8888', '2020-04-01', '台北市中山區林森北路12號', '2020-04-27 16:54:31', '2020-05-06 12:46:57', 1, 0),
(13, 's013', 'ss412', '查恩斯', '1', 'ia_100000016699.jpg', '0978555333', '1234-5555-1548-2258', '2016-01-13', '台北市中山區林森北路13號', '2020-05-01 19:58:32', '2020-05-06 12:47:05', 1, 0),
(14, 's014', 'cc958', '克雷爾', '1', 'ia_100000016709.jpg', '0987546892', '1234-5665-1548-2258', '2019-03-05', '台北市中山區林森北路14號', '2020-05-01 19:58:32', '2020-05-06 12:47:08', 1, 0),
(15, 's015', 'ss854', '百麗兒', '2', 'ia_200000007.jpg', '0912333456', '4469-5555-1548-2258', '2020-05-02', '台北市中山區林森北路15號', '2020-05-01 19:58:32', '2020-05-05 22:56:31', 0, 0),
(16, 's016', 'ss722', '卡莉絲塔', '2', 'ia_200000008.jpg', '0987223555', '3384-5555-1548-2258', '2020-05-21', '台北市中山區林森北路16號', '2020-05-01 19:58:32', '2020-05-05 22:56:41', 0, 0),
(17, 's017', 'ss622', '塞西莉亞', '2', 'ia_200000009.jpg', '0987456123', '1234-5445-1668-2258', '2020-05-14', '台北市中山區林森北路17號', '2020-05-01 19:58:32', '2020-05-05 22:56:48', 0, 0),
(18, 's018', 'ss335', '莎莉絲特', '2', 'ia_200000013.jpg', '0984321855', '4234-7855-1548-2358', '2018-11-23', '台北市中山區林森北路18號', '2020-05-01 19:58:32', '2020-05-05 22:56:58', 0, 0),
(19, 's019', 'ss722', '丹尼斯', '1', 'ia_100000016716.jpg', '0921555888', '1324-5445-1908-2668', '2020-05-28', '台北市中山區林森北路19號', '2020-05-01 19:58:32', '2020-05-05 22:58:24', 0, 0),
(20, 's020', 'aa945', '艾德', '1', 'ia_100000016718.jpg', '0955666888', '1234-5665-1788-2258', '2020-05-03', '台北市中山區林森北路20號', '2020-05-01 19:58:32', '2020-05-05 22:58:28', 0, 0);

--
-- 已傾印資料表的索引
--

--
-- 資料表索引 `items`
--
ALTER TABLE `items`
  ADD PRIMARY KEY (`itemId`);

--
-- 資料表索引 `items_color`
--
ALTER TABLE `items_color`
  ADD PRIMARY KEY (`coid`);

--
-- 資料表索引 `items_type`
--
ALTER TABLE `items_type`
  ADD PRIMARY KEY (`typeid`);

--
-- 資料表索引 `manager`
--
ALTER TABLE `manager`
  ADD PRIMARY KEY (`mid`),
  ADD UNIQUE KEY `username` (`managername`);

--
-- 資料表索引 `marketing`
--
ALTER TABLE `marketing`
  ADD PRIMARY KEY (`acId`);

--
-- 資料表索引 `multiple_images`
--
ALTER TABLE `multiple_images`
  ADD PRIMARY KEY (`multipleImageId`);

--
-- 資料表索引 `orders`
--
ALTER TABLE `orders`
  ADD PRIMARY KEY (`orderId`);

--
-- 資料表索引 `payment_types`
--
ALTER TABLE `payment_types`
  ADD PRIMARY KEY (`paymentTypeId`);

--
-- 資料表索引 `stores`
--
ALTER TABLE `stores`
  ADD PRIMARY KEY (`storeId`);

--
-- 資料表索引 `users`
--
ALTER TABLE `users`
  ADD PRIMARY KEY (`id`),
  ADD UNIQUE KEY `username` (`username`);

--
-- 在傾印的資料表使用自動遞增(AUTO_INCREMENT)
--

--
-- 使用資料表自動遞增(AUTO_INCREMENT) `items`
--
ALTER TABLE `items`
  MODIFY `itemId` int(11) NOT NULL AUTO_INCREMENT COMMENT '流水號', AUTO_INCREMENT=116;

--
-- 使用資料表自動遞增(AUTO_INCREMENT) `items_color`
--
ALTER TABLE `items_color`
  MODIFY `coid` tinyint(20) NOT NULL AUTO_INCREMENT COMMENT '顏色號碼', AUTO_INCREMENT=10;

--
-- 使用資料表自動遞增(AUTO_INCREMENT) `items_type`
--
ALTER TABLE `items_type`
  MODIFY `typeid` tinyint(10) NOT NULL AUTO_INCREMENT COMMENT '類型編號', AUTO_INCREMENT=11;

--
-- 使用資料表自動遞增(AUTO_INCREMENT) `manager`
--
ALTER TABLE `manager`
  MODIFY `mid` int(11) NOT NULL AUTO_INCREMENT COMMENT '流水號', AUTO_INCREMENT=2;

--
-- 使用資料表自動遞增(AUTO_INCREMENT) `marketing`
--
ALTER TABLE `marketing`
  MODIFY `acId` int(3) NOT NULL AUTO_INCREMENT COMMENT '活動ID', AUTO_INCREMENT=13;

--
-- 使用資料表自動遞增(AUTO_INCREMENT) `multiple_images`
--
ALTER TABLE `multiple_images`
  MODIFY `multipleImageId` int(11) NOT NULL AUTO_INCREMENT COMMENT '流水號', AUTO_INCREMENT=116;

--
-- 使用資料表自動遞增(AUTO_INCREMENT) `orders`
--
ALTER TABLE `orders`
  MODIFY `orderId` int(11) NOT NULL AUTO_INCREMENT COMMENT '訂單編號', AUTO_INCREMENT=11;

--
-- 使用資料表自動遞增(AUTO_INCREMENT) `payment_types`
--
ALTER TABLE `payment_types`
  MODIFY `paymentTypeId` int(11) NOT NULL AUTO_INCREMENT COMMENT '流水號', AUTO_INCREMENT=4;

--
-- 使用資料表自動遞增(AUTO_INCREMENT) `stores`
--
ALTER TABLE `stores`
  MODIFY `storeId` int(11) NOT NULL AUTO_INCREMENT COMMENT '商場編號', AUTO_INCREMENT=9;

--
-- 使用資料表自動遞增(AUTO_INCREMENT) `users`
--
ALTER TABLE `users`
  MODIFY `id` int(11) NOT NULL AUTO_INCREMENT COMMENT '流水號', AUTO_INCREMENT=22;
COMMIT;

/*!40101 SET CHARACTER_SET_CLIENT=@OLD_CHARACTER_SET_CLIENT */;
/*!40101 SET CHARACTER_SET_RESULTS=@OLD_CHARACTER_SET_RESULTS */;
/*!40101 SET COLLATION_CONNECTION=@OLD_COLLATION_CONNECTION */;
